price_eth,price_usd,transaction_date,seller_address,background,eyes,mouth,clothes
0.0169,22.320857419506623,2022-09-25T01:21:23,543,5,0,16,23
0.0169,22.320857419506623,2022-09-25T01:22:11,543,7,10,13,23
0.0015,1.9811411910804697,2022-09-25T01:22:11,266,4,9,17,5
0.1,132.07607940536465,2022-09-25T01:22:11,200,23,8,10,8
0.008,10.56608635242917,2022-09-25T01:22:47,681,23,5,9,16
0.0169,22.320857419506623,2022-09-25T01:22:59,543,7,9,11,9
0.015,19.811411910804697,2022-09-25T01:23:35,161,0,0,0,16
0.038,50.18891017403856,2022-09-25T01:23:35,966,15,0,0,16
0.0065,8.584945161348701,2022-09-25T01:24:11,509,3,15,14,0
0.0169,22.320857419506623,2022-09-25T01:24:11,543,5,6,16,23
0.012,15.849129528643758,2022-09-25T01:24:47,829,0,10,17,5
0.0019,2.509445508701928,2022-09-25T01:25:47,924,1,10,17,14
0.089,117.54771067077452,2022-09-25T01:25:59,446,18,0,0,0
0.0,0.0,2022-09-25T01:27:11,367,15,7,0,0
0.128,169.05738163886673,2022-09-25T01:27:35,396,23,6,0,0
0.004,5.283043176214585,2022-09-25T01:27:35,695,3,0,17,0
0.0169,22.320857419506623,2022-09-25T01:27:35,543,7,10,11,23
0.03,39.622823821609394,2022-09-25T01:27:35,586,4,7,17,20
0.0016,2.1132172704858343,2022-09-25T01:27:47,1027,6,10,17,8
0.0027,3.566054143944845,2022-09-25T01:28:11,639,21,0,4,0
0.0025,3.301901985134116,2022-09-25T01:28:11,639,4,0,12,22
0.0041,5.41511925561995,2022-09-25T01:28:11,645,4,6,12,17
0.0099,13.0755318611311,2022-09-25T01:28:35,56,23,0,9,16
0.0,0.0,2022-09-25T01:28:47,88,0,0,16,16
0.0169,22.320857419506623,2022-09-25T01:28:47,543,0,7,16,9
0.001899,2.5081247479078743,2022-09-25T01:28:47,349,4,7,17,10
0.18,237.73694292965635,2022-09-25T01:28:47,324,23,6,0,16
0.0066,8.717021240754066,2022-09-25T01:28:59,619,15,7,11,12
0.03,39.622823821609394,2022-09-25T01:28:59,148,15,16,18,3
0.1444,190.71785866134653,2022-09-25T01:29:11,515,13,0,0,16
0.0568,75.01921310224712,2022-09-25T01:29:23,952,0,6,0,8
0.0169,22.320857419506623,2022-09-25T01:29:35,543,3,10,13,9
0.0169,22.320857419506623,2022-09-25T01:30:11,543,5,7,11,23
0.0445,58.77385533538727,2022-09-25T01:30:11,295,7,1,21,7
8.8e-05,0.1162269498767208,2022-09-25T01:30:23,727,5,9,10,16
0.0185,24.434074689992457,2022-09-25T01:30:35,283,22,0,16,20
0.0888,117.2835585119638,2022-09-25T01:30:47,954,18,6,16,0
0.0169,22.320857419506623,2022-09-25T01:30:59,543,5,7,11,26
0.01,13.207607940536464,2022-09-25T01:31:23,185,16,0,0,0
0.1,132.07607940536465,2022-09-25T01:31:23,623,15,13,18,1
0.26,343.3978064539481,2022-09-25T01:31:23,112,0,6,0,6
0.009,11.886847146482818,2022-09-25T01:31:47,458,20,18,18,5
0.0169,22.320857419506623,2022-09-25T01:32:23,543,0,7,11,8
0.0336,44.37756268020252,2022-09-25T01:32:23,808,20,11,7,20
0.0023,3.037749826323387,2022-09-25T01:32:47,356,15,9,11,16
0.0058,7.660412605511149,2022-09-25T01:32:59,738,11,6,4,16
0.0,0.0,2022-09-25T01:33:11,502,17,12,19,1
0.0169,22.320857419506623,2022-09-25T01:33:11,543,7,6,11,26
0.0059,7.792488684916513,2022-09-25T01:33:47,339,4,13,20,16
0.005,6.603803970268232,2022-09-25T01:33:47,320,14,18,2,4
0.0025,3.301901985134116,2022-09-25T01:33:47,334,20,6,10,16
0.0,0.0,2022-09-25T01:34:11,615,1,6,0,17
3.3,4358.510620377033,2022-09-25T01:34:11,347,3,15,17,23
0.02,26.41521588107293,2022-09-25T01:34:11,888,0,0,0,16
0.0139,18.358575037345684,2022-09-25T01:34:11,283,19,0,0,16
0.002,2.6415215881072927,2022-09-25T01:34:23,782,23,12,11,16
0.002,2.6415215881072927,2022-09-25T01:34:23,782,6,6,11,16
0.0023,3.037749826323387,2022-09-25T01:34:23,84,21,19,16,16
0.002,2.6415215881072927,2022-09-25T01:34:23,783,9,6,15,16
0.0021,2.773597667512657,2022-09-25T01:34:23,26,21,7,10,16
0.0023,3.037749826323387,2022-09-25T01:34:23,868,18,7,0,16
0.002,2.6415215881072927,2022-09-25T01:34:23,782,18,6,12,16
0.0028,3.69813022335021,2022-09-25T01:34:23,544,23,7,11,16
0.002,2.6415215881072927,2022-09-25T01:34:23,714,20,10,11,16
0.00199,2.6283139801667565,2022-09-25T01:34:23,1035,18,10,11,16
0.00175,2.311331389593881,2022-09-25T01:34:23,875,6,10,10,16
0.002,2.6415215881072927,2022-09-25T01:34:23,827,21,0,11,16
0.002,2.6415215881072927,2022-09-25T01:34:23,782,3,9,16,16
0.002,2.6415215881072927,2022-09-25T01:34:23,782,20,12,11,16
0.00175,2.311331389593881,2022-09-25T01:34:23,261,22,6,11,16
0.002,2.6415215881072927,2022-09-25T01:34:23,782,22,0,15,16
0.0022,2.9056737469180223,2022-09-25T01:34:23,1029,3,6,11,16
0.002,2.6415215881072927,2022-09-25T01:34:23,53,23,0,0,16
0.002,2.6415215881072927,2022-09-25T01:34:23,783,20,9,10,16
0.00175,2.311331389593881,2022-09-25T01:34:23,270,23,10,0,16
0.002,2.6415215881072927,2022-09-25T01:34:23,782,9,0,10,16
0.002,2.6415215881072927,2022-09-25T01:34:23,782,3,10,10,16
0.002,2.6415215881072927,2022-09-25T01:34:23,3,3,7,10,16
0.002,2.6415215881072927,2022-09-25T01:34:23,714,21,9,11,16
0.0025,3.301901985134116,2022-09-25T01:34:35,716,0,0,0,16
0.0014,1.849065111675105,2022-09-25T01:34:35,236,15,0,0,16
0.006,7.924564764321879,2022-09-25T01:34:35,857,11,13,4,16
0.015,19.811411910804697,2022-09-25T01:34:35,522,19,0,5,0
2.45,3235.863945431434,2022-09-25T01:34:35,117,20,0,0,23
0.0025,3.301901985134116,2022-09-25T01:34:35,1025,20,9,11,16
0.001,1.3207607940536463,2022-09-25T01:34:35,168,15,0,0,16
0.0025,3.301901985134116,2022-09-25T01:34:59,334,15,0,9,16
0.015,19.811411910804697,2022-09-25T01:34:59,522,21,0,10,0
0.05,66.03803970268233,2022-09-25T01:34:59,179,15,0,0,16
0.0169,22.320857419506623,2022-09-25T01:34:59,543,7,0,13,8
0.25,330.1901985134116,2022-09-25T01:35:47,896,13,0,9,16
0.0027,3.566054143944845,2022-09-25T01:35:47,605,20,6,14,16
0.0169,22.320857419506623,2022-09-25T01:35:47,543,7,7,13,8
0.26,343.3978064539481,2022-09-25T01:35:47,112,15,6,10,18
0.0429,56.66063806490144,2022-09-25T01:36:23,290,11,22,4,16
0.06,79.24564764321879,2022-09-25T01:36:23,993,20,26,11,19
0.0408,53.88704039738877,2022-09-25T01:36:23,181,18,25,4,16
0.0169,22.320857419506623,2022-09-25T01:36:35,543,7,9,13,23
0.29,383.02063027555744,2022-09-25T01:36:47,357,21,24,12,6
0.011,14.52836873459011,2022-09-25T01:36:59,35,17,19,6,25
0.0029,3.8302063027555744,2022-09-25T01:36:59,351,16,6,13,16
0.01,13.207607940536464,2022-09-25T01:36:59,588,15,12,5,14
0.004,5.283043176214585,2022-09-25T01:36:59,539,18,6,11,17
0.0169,22.320857419506623,2022-09-25T01:37:23,543,3,10,11,24
0.006,7.924564764321879,2022-09-25T01:37:35,1040,6,6,17,16
0.002,2.6415215881072927,2022-09-25T01:37:47,22,2,11,17,6
0.02,26.41521588107293,2022-09-25T01:37:59,709,13,15,0,17
0.0169,22.320857419506623,2022-09-25T01:38:11,543,7,10,13,26
0.0445,58.77385533538727,2022-09-25T01:38:59,950,16,9,21,14
0.0023,3.037749826323387,2022-09-25T01:38:59,747,6,10,11,16
0.0039,5.150967096809221,2022-09-25T01:38:59,547,12,6,16,0
2.79,3684.9226154096737,2022-09-25T01:39:11,1002,0,15,17,23
0.0069,9.11324947897016,2022-09-25T01:39:23,994,0,6,0,6
0.0069,9.11324947897016,2022-09-25T01:39:35,616,23,27,11,22
0.028,36.9813022335021,2022-09-25T01:39:35,1013,13,15,0,23
0.0599,79.11357156381342,2022-09-25T01:39:47,777,6,14,10,16
0.35,462.26627791877627,2022-09-25T01:39:47,213,13,0,0,0
0.01,13.207607940536464,2022-09-25T01:39:47,183,5,0,15,16
0.0,0.0,2022-09-25T01:39:59,820,15,0,10,7
0.0446,58.90593141479263,2022-09-25T01:39:59,555,6,7,21,7
0.035,46.226627791877625,2022-09-25T01:39:59,399,13,15,0,0
0.0,0.0,2022-09-25T01:40:11,773,21,0,0,16
0.058,76.6041260551115,2022-09-25T01:40:11,413,19,24,10,0
0.06,79.24564764321879,2022-09-25T01:40:11,184,0,12,13,17
1.25,1650.950992567058,2022-09-25T01:40:35,506,22,0,0,0
0.0018,2.3773694292965635,2022-09-25T01:40:47,133,20,12,15,16
0.003,3.9622823821609394,2022-09-25T01:40:47,847,20,12,15,16
0.0025,3.301901985134116,2022-09-25T01:40:47,98,22,7,10,16
0.003,3.9622823821609394,2022-09-25T01:40:47,847,21,7,0,16
0.002,2.6415215881072927,2022-09-25T01:40:47,635,9,12,11,16
0.0023,3.037749826323387,2022-09-25T01:40:47,759,23,9,0,16
0.0025,3.301901985134116,2022-09-25T01:40:47,656,3,10,10,16
0.002,2.6415215881072927,2022-09-25T01:40:47,754,9,7,15,16
0.0058,7.660412605511149,2022-09-25T01:41:11,529,11,13,4,16
0.0587,77.52865861094904,2022-09-25T01:41:11,182,15,12,7,3
0.0465,61.41537692349456,2022-09-25T01:41:11,381,16,10,22,16
0.0,0.0,2022-09-25T01:41:23,860,17,9,10,25
0.07,92.45325558375524,2022-09-25T01:41:35,726,15,0,0,16
0.0,0.0,2022-09-25T01:41:59,50,15,6,12,9
0.08,105.66086352429171,2022-09-25T01:41:59,497,6,19,0,16
0.079,104.34010273023809,2022-09-25T01:41:59,629,20,14,10,16
0.08,105.66086352429171,2022-09-25T01:41:59,546,22,14,10,16
0.19,250.9445508701928,2022-09-25T01:41:59,485,16,11,20,16
0.08,105.66086352429171,2022-09-25T01:41:59,546,22,9,10,16
0.04,52.83043176214586,2022-09-25T01:42:23,1023,16,25,19,19
0.008,10.56608635242917,2022-09-25T01:42:23,122,18,6,16,12
0.0035,4.622662779187762,2022-09-25T01:42:35,393,0,0,0,16
0.0042,5.5471953350253145,2022-09-25T01:43:11,600,0,15,17,0
0.017,22.45293349891199,2022-09-25T01:43:11,680,5,9,11,24
0.0172,22.71708565772272,2022-09-25T01:43:11,677,15,6,22,16
0.046,60.754996526467735,2022-09-25T01:43:35,684,7,1,10,6
0.0029,3.8302063027555744,2022-09-25T01:43:35,661,16,0,9,16
0.07299,96.40233035797566,2022-09-25T01:43:35,705,5,0,0,16
0.075,99.05705955402348,2022-09-25T01:43:35,275,21,8,10,16
0.0024,3.1698259057287514,2022-09-25T01:43:47,700,22,0,0,16
0.0014,1.849065111675105,2022-09-25T01:43:59,772,18,22,1,16
0.018,23.77369429296564,2022-09-25T01:43:59,680,5,11,11,8
0.0069,9.11324947897016,2022-09-25T01:43:59,621,11,10,20,16
1.21,1598.1205608049122,2022-09-25T01:44:23,740,0,0,0,16
0.0075,9.905705955402349,2022-09-25T01:44:23,313,11,6,4,16
0.0074,9.773629875996985,2022-09-25T01:44:23,221,11,10,4,16
0.0079,10.434010273023809,2022-09-25T01:44:23,313,8,7,20,16
0.0076,10.037782034807712,2022-09-25T01:44:23,910,6,10,20,16
0.0074,9.773629875996985,2022-09-25T01:44:23,221,11,0,20,16
0.0075,9.905705955402349,2022-09-25T01:44:23,102,4,10,4,16
0.0023,3.037749826323387,2022-09-25T01:44:23,970,3,10,16,16
0.007,9.245325558375525,2022-09-25T01:44:23,96,8,10,4,16
0.0077,10.169858114213078,2022-09-25T01:44:23,293,4,13,20,16
0.245,323.1936710104768,2022-09-25T01:35:23,811,18,15,0,5
0.003,3.9622823821609394,2022-09-25T01:44:35,310,16,0,10,16
0.0022,2.9056737469180223,2022-09-25T01:45:23,904,23,10,11,16
0.3889,513.6438728074631,2022-09-25T01:45:23,24,0,0,10,0
0.0038,5.018891017403856,2022-09-25T01:45:23,373,6,0,10,16
0.0019,2.509445508701928,2022-09-25T01:45:35,157,2,11,17,7
0.0025,3.301901985134116,2022-09-25T01:45:35,382,4,1,17,20
0.0079,10.434010273023809,2022-09-25T01:45:59,725,10,6,12,17
0.0035,4.622662779187762,2022-09-25T01:45:59,226,21,7,0,16
0.0022,2.9056737469180223,2022-09-25T01:46:11,125,22,0,10,16
0.006999999,9.245324237614732,2022-09-25T01:46:23,103,7,13,20,16
0.0028999999999999,3.830206302755572,2022-09-25T01:46:23,286,20,12,0,16
0.0065,8.584945161348701,2022-09-25T01:46:23,856,5,6,17,16
0.011,14.52836873459011,2022-09-25T01:46:35,100,0,0,0,0
0.0022,2.9056737469180223,2022-09-25T01:46:35,721,3,12,11,16
0.0038,5.018891017403856,2022-09-25T01:46:47,373,0,0,20,16
0.0148,19.54725975199397,2022-09-25T01:46:47,1042,13,15,0,23
0.005,6.603803970268232,2022-09-25T01:47:11,445,0,6,0,0
0.0022,2.9056737469180223,2022-09-25T01:47:35,758,18,7,11,16
0.0014,1.849065111675105,2022-09-25T01:47:47,105,18,9,10,16
0.003,3.9622823821609394,2022-09-25T01:47:47,272,15,6,11,16
0.007999999,10.566085031668376,2022-09-25T01:47:47,592,4,6,20,16
0.008,10.56608635242917,2022-09-25T01:47:47,1046,13,0,10,21
0.007,9.245325558375525,2022-09-25T01:47:59,387,3,0,17,17
0.1,131.9157840859089,2022-09-25T01:22:59,206,23,21,18,21
0.0006,0.7924564764321879,2022-09-25T01:48:11,175,20,0,0,16
0.0,0.0,2022-09-25T01:37:23,288,0,0,17,5
0.0151,19.919283396972244,2022-09-25T01:24:59,873,0,6,17,17
0.003,3.9622823821609394,2022-09-25T01:48:35,180,15,0,9,16
0.01,13.207607940536464,2022-09-25T01:48:47,862,23,0,0,16
0.0,0.0,2022-09-25T01:48:59,870,15,18,0,10
0.0,0.0,2022-09-25T01:48:59,495,15,4,18,0
0.00099,1.30755318611311,2022-09-25T01:48:59,104,0,0,10,16
0.0085,11.226466749455994,2022-09-25T01:49:11,272,0,0,17,0
0.003,3.9622823821609394,2022-09-25T01:49:11,27,15,6,9,16
0.007999999,10.566085031668376,2022-09-25T01:49:23,58,6,7,4,16
0.0,0.0,2022-09-25T01:49:47,728,15,0,10,23
0.007999999,10.566085031668376,2022-09-25T01:49:47,58,8,13,4,16
0.003,3.9622823821609394,2022-09-25T01:49:47,27,15,0,0,16
0.0,0.0,2022-09-25T01:49:59,578,20,26,10,23
0.0,0.0,2022-09-25T01:50:11,870,18,8,18,10
0.0034,4.490586699782398,2022-09-25T01:50:23,380,20,6,13,16
0.0075,9.905705955402349,2022-09-25T01:50:35,625,15,15,0,16
0.006999999,9.245324237614732,2022-09-25T01:50:47,103,8,6,20,16
0.0034,4.490586699782398,2022-09-25T01:50:47,380,18,6,0,16
0.027,35.66054143944845,2022-09-25T01:50:47,882,0,26,0,27
0.0149,19.67933583139933,2022-09-25T01:50:47,542,23,0,9,16
0.0014,1.849065111675105,2022-09-25T01:51:23,105,18,6,0,16
0.02,26.41521588107293,2022-09-25T01:51:47,842,13,15,0,23
0.003,3.9622823821609394,2022-09-25T01:52:11,806,17,18,16,25
0.0,0.0,2022-09-25T01:52:23,230,4,0,0,6
0.005,6.603803970268232,2022-09-25T01:52:23,591,21,6,11,0
0.005,6.603803970268232,2022-09-25T01:52:23,591,4,9,11,9
0.005,6.603803970268232,2022-09-25T01:52:23,291,17,6,12,8
0.00339,4.477379091841861,2022-09-25T01:52:23,907,1,6,17,22
0.0036,4.754738858593127,2022-09-25T01:52:23,18,19,10,16,16
0.15,198.11411910804696,2022-09-25T01:52:23,833,0,7,0,16
0.01,13.207607940536464,2022-09-25T01:53:35,97,10,9,16,17
0.0037,4.886814937998492,2022-09-25T01:53:59,366,21,6,0,16
0.0019,2.509445508701928,2022-09-25T01:54:11,6,15,0,0,21
0.0,0.0,2022-09-25T01:54:23,499,0,0,0,16
0.0137,18.09442287853496,2022-09-25T01:54:23,135,15,25,19,5
0.0028,3.69813022335021,2022-09-25T01:54:59,180,16,6,13,16
0.007999999,10.566085031668376,2022-09-25T01:55:23,418,11,6,4,16
0.0,0.0,2022-09-25T01:55:47,564,16,23,20,14
0.0499,65.90596362327696,2022-09-25T01:55:47,885,16,5,21,6
0.0026,3.4339780645394806,2022-09-25T01:56:11,126,0,15,17,17
0.0023,3.037749826323387,2022-09-25T01:56:11,126,0,15,17,22
0.0025,3.301901985134116,2022-09-25T01:56:11,126,0,15,17,8
0.0027,3.566054143944845,2022-09-25T01:56:11,126,0,15,17,8
0.003,3.9622823821609394,2022-09-25T01:56:11,271,9,19,10,16
0.82,1083.02385112399,2022-09-25T01:56:35,849,22,19,0,6
0.005,6.603803970268232,2022-09-25T01:56:35,95,15,0,3,16
0.003,3.9622823821609394,2022-09-25T01:57:11,938,22,10,11,16
0.004,5.283043176214585,2022-09-25T01:57:11,695,3,10,17,23
0.0014,1.849065111675105,2022-09-25T01:57:11,105,0,10,10,16
0.001,1.3207607940536463,2022-09-25T01:57:47,806,12,0,10,20
0.049,64.71727890862867,2022-09-25T01:57:47,336,0,0,0,5
0.0,0.0,2022-09-25T01:58:11,675,14,19,20,21
0.0,0.0,2022-09-25T01:58:11,454,18,0,11,0
0.71,937.7401637780888,2022-09-25T01:58:11,358,20,7,0,18
0.0398,52.566279603335126,2022-09-25T01:58:11,325,0,0,12,16
0.005,6.603803970268232,2022-09-25T01:58:23,469,21,0,12,0
0.0479,63.26444203516967,2022-09-25T01:58:47,455,19,0,21,7
0.0015,1.9811411910804697,2022-09-25T01:58:47,428,7,6,0,16
120.0,158491.29528643755,2022-09-25T01:59:23,189,20,11,18,25
0.0,0.0,2022-09-25T01:59:35,503,0,0,21,16
0.0,0.0,2022-09-25T02:00:35,597,20,7,0,14
0.00689999999,9.113249465762552,2022-09-25T02:00:35,592,8,7,20,16
0.77,1018.357713981496,2022-09-25T02:01:23,947,22,0,0,22
0.0015,1.9838137285353816,2022-09-25T02:01:35,569,13,12,18,17
0.0015,1.9838137285353816,2022-09-25T02:01:35,569,16,7,9,16
0.0,0.0,2022-09-25T02:02:11,1034,3,14,16,16
0.045,59.51441185606145,2022-09-25T02:02:11,172,23,1,15,6
0.033,43.6439020277784,2022-09-25T02:02:11,217,15,2,20,3
0.033,43.6439020277784,2022-09-25T02:02:11,839,18,8,7,23
0.0325,42.98263078493327,2022-09-25T02:02:11,874,18,26,19,20
0.033,43.6439020277784,2022-09-25T02:02:11,121,23,20,11,25
0.0,0.0,2022-09-25T02:02:35,765,14,6,0,22
1.353535,1790.1075433687586,2022-09-25T02:02:35,768,1,6,0,0
0.0928999,122.86406466637608,2022-09-25T02:02:47,711,15,0,10,25
0.0019,2.5128307228114832,2022-09-25T02:03:11,204,0,15,17,22
0.0039,5.157915694191992,2022-09-25T02:03:11,243,20,0,0,16
0.0035,4.62889869991589,2022-09-25T02:03:23,197,7,0,3,16
0.294,388.8274907929348,2022-09-25T02:03:23,563,18,6,0,14
0.0059,7.803000665572501,2022-09-25T02:03:35,427,15,26,11,20
0.0081,10.71259413409106,2022-09-25T02:03:35,315,23,6,12,0
0.00069,0.9125543151262756,2022-09-25T02:03:47,552,8,0,0,16
0.0755,99.8519576696142,2022-09-25T02:03:47,352,6,0,12,16
0.00123467,1.6329035308071864,2022-09-25T02:04:23,192,15,6,0,25
0.098,129.60916359764494,2022-09-25T02:04:23,891,18,6,16,25
0.0033,4.364390202777839,2022-09-25T02:04:35,934,16,0,5,23
0.0,0.0,2022-09-25T02:04:47,223,15,0,16,16
0.0034,4.496644451346865,2022-09-25T02:04:47,361,5,0,0,23
0.0019,2.5128307228114832,2022-09-25T02:04:47,204,6,5,17,10
0.00069,0.9125543151262756,2022-09-25T02:05:11,552,8,0,0,16
0.0,0.0,2022-09-25T02:06:11,223,0,7,12,16
0.44,581.9186937037119,2022-09-25T02:06:11,76,17,0,0,0
1.59,2102.8425522475045,2022-09-25T02:06:59,477,5,6,0,6
0.117,154.73747082575977,2022-09-25T02:07:23,788,16,6,0,16
0.13,171.93052313973308,2022-09-25T02:07:23,174,12,23,5,13
0.0417,55.075725112037055,2022-09-25T01:29:35,232,0,0,0,16
0.059,78.030006655725,2022-09-25T02:07:47,566,3,7,21,20
0.0,0.0,2022-09-25T02:08:11,923,17,7,9,0
0.0045,5.951441185606145,2022-09-25T02:08:11,414,23,24,10,17
0.02,26.450849713805088,2022-09-25T02:08:23,655,17,19,11,17
0.06,79.35254914141527,2022-09-25T02:08:59,52,19,0,21,20
0.08,105.80339885522037,2022-09-25T02:09:23,981,3,3,4,16
0.0888,117.44177272929458,2022-09-25T02:09:23,346,17,22,14,16
0.084,111.09356879798138,2022-09-25T02:09:23,960,3,3,4,16
0.0842,111.3580772951194,2022-09-25T02:09:23,70,18,3,16,16
1.19,1569.7978306223158,2022-09-25T01:31:23,267,17,2,19,17
0.0,0.0,2022-09-25T02:10:11,165,15,19,12,23
0.0099,13.09317060833352,2022-09-25T02:10:11,707,1,0,0,0
0.022,29.0959346851856,2022-09-25T02:10:59,599,23,0,0,0
0.065,85.96526156986654,2022-09-25T02:10:59,384,16,5,15,6
0.065,85.96526156986654,2022-09-25T02:10:59,245,19,5,21,7
0.067,88.61034654124704,2022-09-25T02:11:35,949,16,5,21,6
0.0659,87.15554980698776,2022-09-25T02:11:47,255,23,1,21,14
0.0033,4.364390202777839,2022-09-25T02:12:11,244,15,0,0,27
0.5675,750.5428606292194,2022-09-25T02:12:59,698,0,0,0,16
0.0285,37.69246084217225,2022-09-25T02:13:23,72,15,13,15,0
0.001,1.3225424856902543,2022-09-25T02:13:23,417,21,0,10,16
0.0139,18.383340551094538,2022-09-25T02:13:35,269,20,11,13,14
0.0304,40.17814625675353,2022-09-25T02:10:11,733,11,22,16,16
0.495,654.658530416676,2022-09-25T02:13:59,111,17,0,0,16
0.00198999,2.6318463210987493,2022-09-25T02:13:59,1000,23,23,18,9
0.00198999,2.6318463210987493,2022-09-25T02:13:59,1000,17,15,17,0
0.0022,2.90959346851856,2022-09-25T02:13:59,889,0,0,0,20
0.0023,3.041847717087585,2022-09-25T02:13:59,180,18,12,7,19
0.0018,2.3805764742424578,2022-09-25T02:13:59,188,3,7,17,6
0.0022,2.90959346851856,2022-09-25T02:13:59,889,23,18,20,17
0.32,423.2135954208814,2022-09-25T02:14:35,675,14,24,18,17
0.0045,5.951441185606145,2022-09-25T02:14:47,504,16,10,22,16
0.0,0.0,2022-09-25T02:15:23,508,23,0,10,8
0.007,9.25779739983178,2022-09-25T02:15:35,762,18,0,16,9
0.0,0.0,2022-09-25T02:15:47,337,18,19,19,25
0.0099,13.09317060833352,2022-09-25T02:15:47,269,16,12,12,5
0.0,0.0,2022-09-25T02:16:11,337,20,17,6,2
0.0034,4.496644451346865,2022-09-25T02:16:11,910,22,7,9,16
0.084,111.09356879798138,2022-09-25T02:16:11,294,17,22,1,16
0.0,0.0,2022-09-25T02:16:35,337,15,26,18,1
0.0,0.0,2022-09-25T02:17:23,337,15,19,12,20
0.0,0.0,2022-09-25T02:17:35,742,19,6,12,16
0.001,1.3225424856902543,2022-09-25T02:17:47,701,3,5,17,14
0.001,1.3225424856902543,2022-09-25T02:17:47,928,2,7,17,9
0.0075,9.919068642676908,2022-09-25T02:17:47,874,20,0,0,23
0.0023,3.041847717087585,2022-09-25T02:18:11,180,23,25,19,23
0.0,0.0,2022-09-25T02:19:11,337,18,8,18,20
0.0,0.0,2022-09-25T02:19:59,145,23,0,10,0
0.001,1.3225424856902543,2022-09-25T02:19:59,964,1,9,15,16
0.0045,5.951441185606145,2022-09-25T02:20:23,690,16,6,4,8
0.043,56.86932688468094,2022-09-25T02:20:35,779,0,0,17,24
0.0,0.0,2022-09-25T02:21:11,306,23,24,1,17
0.073,96.54560145538858,2022-09-25T02:21:47,821,15,12,0,16
0.014,18.503093670873337,2022-09-25T02:07:23,751,0,0,0,18
0.075,99.19068642676908,2022-09-25T02:22:11,612,16,0,16,16
0.004,5.290169942761017,2022-09-25T02:22:59,63,16,9,11,16
0.077,101.8357713981496,2022-09-25T02:23:11,139,16,6,12,16
0.004,5.290169942761017,2022-09-25T02:23:11,354,17,15,3,16
0.0099,13.09317060833352,2022-09-25T02:23:47,118,20,0,17,3
0.05,65.95789204295446,2022-09-25T01:51:35,140,22,11,22,16
0.0042,5.554678439899068,2022-09-25T02:24:35,369,16,0,22,16
0.088,116.3837387407424,2022-09-25T02:25:23,518,6,6,0,16
0.0016999,2.248189971424864,2022-09-25T02:25:35,82,2,5,17,14
11.0,14547.967342592798,2022-09-25T02:25:59,561,19,15,17,16
0.028,37.03118959932712,2022-09-25T02:26:11,767,13,0,0,0
0.012,15.870509828283051,2022-09-25T02:26:35,141,0,0,0,0
0.0,0.0,2022-09-25T02:26:47,963,13,0,0,16
0.11,145.47967342592798,2022-09-25T02:26:47,596,17,6,10,16
0.097,128.28662111195467,2022-09-25T02:27:35,872,19,10,16,17
2.5,3306.356214225636,2022-09-25T02:28:11,196,4,6,16,0
0.06,79.35254914141527,2022-09-25T02:28:23,68,7,9,21,7
0.159,210.28425522475044,2022-09-25T02:28:47,665,6,6,17,23
0.082,108.44848382660086,2022-09-25T02:28:59,917,6,10,16,8
0.027,35.70864711363687,2022-09-25T02:29:23,327,18,18,11,17
0.003,3.9676274570707633,2022-09-25T02:29:23,389,5,15,0,0
0.032,42.32135954208814,2022-09-25T02:29:59,148,20,25,5,3
0.0025,3.306356214225636,2022-09-25T02:30:11,250,1,3,4,16
0.0,0.0,2022-09-25T02:30:23,432,20,4,9,17
0.0125,16.53178107112818,2022-09-25T02:30:35,152,15,11,18,21
0.04,52.901699427610176,2022-09-25T02:30:35,481,14,25,14,16
0.1175,155.3987420686049,2022-09-25T02:30:47,752,6,12,17,17
0.0069,9.125543151262756,2022-09-25T02:30:47,94,0,15,12,16
0.062,81.99763411279578,2022-09-25T02:30:59,453,16,9,15,6
0.0303,40.07303731641471,2022-09-25T02:31:23,671,16,0,0,6
1.69,2235.09680081653,2022-09-25T02:31:23,687,5,6,11,0
0.0,0.0,2022-09-25T02:32:47,45,18,17,19,17
0.001,1.3225424856902543,2022-09-25T02:32:47,964,16,7,13,16
0.288,380.89223587879326,2022-09-25T02:32:47,753,15,18,1,17
0.1,132.25424856902544,2022-09-25T02:32:47,19,5,13,17,16
0.07,92.5779739983178,2022-09-25T02:32:47,239,18,26,13,18
0.04,52.901699427610176,2022-09-25T02:32:47,855,16,0,17,5
0.0,0.0,2022-09-25T02:32:59,370,16,18,7,25
0.465,614.9822558459683,2022-09-25T02:32:59,913,5,6,0,16
0.0332,43.84925836258106,2022-09-25T01:23:47,115,16,8,0,16
0.09,119.0288237121229,2022-09-25T02:33:23,940,21,10,16,24
0.0018,2.3805764742424578,2022-09-25T02:33:23,29,4,1,17,5
0.025,33.06356214225636,2022-09-25T02:34:11,989,6,0,0,16
1.27,1679.6289568266232,2022-09-25T02:34:23,879,3,6,0,0
0.1009,133.44453680614666,2022-09-25T02:34:23,614,19,15,17,14
0.05,66.12712428451272,2022-09-25T02:34:35,447,0,0,0,0
0.0,0.0,2022-09-25T02:34:47,607,14,18,5,5
0.0,0.0,2022-09-25T02:35:35,153,17,0,0,14
0.029,38.35373208501738,2022-09-25T02:35:47,409,13,0,0,6
0.0,0.0,2022-09-25T02:36:11,900,13,7,9,16
0.13,171.93052313973308,2022-09-25T02:37:23,263,0,0,0,27
0.4669,617.4950865687798,2022-09-25T02:37:23,683,18,16,20,13
0.0035,4.62889869991589,2022-09-25T02:30:11,330,18,15,0,9
0.035,46.2889869991589,2022-09-25T02:37:35,379,13,0,0,17
0.095,125.64153614057416,2022-09-25T02:38:23,397,19,17,0,12
0.0045,5.951441185606145,2022-09-25T02:38:23,201,20,0,4,7
0.003,3.9676274570707633,2022-09-25T02:20:59,326,16,22,18,18
0.0769,101.70351714958056,2022-09-25T02:15:47,825,20,21,1,14
0.098999,130.9303835408495,2022-09-25T02:39:23,467,18,0,10,26
0.0037,4.893407197053941,2022-09-25T02:40:11,355,20,9,4,27
0.0,0.0,2022-09-25T02:40:23,909,17,17,0,26
0.0035,4.62889869991589,2022-09-25T02:40:35,378,13,0,0,16
0.0023,3.041847717087585,2022-09-25T02:41:23,1031,0,0,0,14
0.0,0.0,2022-09-25T02:42:11,688,22,19,0,0
0.12,158.70509828283053,2022-09-25T02:42:11,406,0,12,17,6
0.01,13.225424856902544,2022-09-25T02:42:23,38,7,0,0,16
0.00385,5.09178856990748,2022-09-25T02:42:47,1019,23,14,9,16
0.0057,7.53849216843445,2022-09-25T02:43:11,408,20,0,12,17
0.0009,1.1902882371212289,2022-09-25T02:43:23,554,0,0,0,0
0.0304,40.17814625675353,2022-09-25T02:34:11,1004,11,14,16,16
0.0,0.0,2022-09-25T02:43:47,459,22,0,10,17
0.0045,5.951441185606145,2022-09-25T02:44:11,41,0,0,3,16
0.03,39.67627457070763,2022-09-25T02:44:23,269,16,8,13,26
0.0,0.0,2022-09-25T02:44:35,459,22,0,16,27
0.04,52.901699427610176,2022-09-25T02:44:35,173,0,0,0,20
0.09,119.0288237121229,2022-09-25T02:44:47,887,22,0,0,22
0.0482,63.70350820972106,2022-09-25T02:30:47,273,5,11,10,20
0.33,436.4390202777839,2022-09-25T02:45:11,560,19,0,10,0
0.0385,50.9178856990748,2022-09-25T02:45:11,568,18,6,0,0
0.0075,9.919068642676908,2022-09-25T02:45:35,319,4,0,0,16
0.019,25.128307228114835,2022-09-25T02:45:59,132,18,0,0,23
0.0039,5.157915694191992,2022-09-25T02:45:59,881,0,0,10,16
0.039,51.57915694191992,2022-09-25T02:46:11,975,6,23,10,8
0.829,1096.3877206372208,2022-09-25T02:46:11,741,22,7,0,14
0.0,0.0,2022-09-25T02:46:35,992,5,6,16,0
0.0399,52.76944517904115,2022-09-25T02:46:35,568,0,0,0,0
0.006321,8.359791052048099,2022-09-25T02:46:59,269,0,6,0,16
0.0399,52.76944517904115,2022-09-25T02:47:23,568,0,6,0,9
0.0565,74.72365044149937,2022-09-25T02:47:59,390,7,1,15,0
0.02,26.450849713805088,2022-09-25T02:47:59,461,19,0,10,0
0.0069,9.125543151262756,2022-09-25T02:47:59,37,0,15,10,16
0.04,52.901699427610176,2022-09-25T02:47:59,1009,0,0,0,9
0.051,67.44966677020298,2022-09-25T02:48:11,589,6,1,21,6
0.81,1071.2594134091062,2022-09-25T02:48:11,815,22,7,10,17
0.03,39.67627457070763,2022-09-25T02:48:11,730,20,0,10,0
0.0499,65.99487003594369,2022-09-25T02:48:35,493,23,1,21,14
0.001,1.3225424856902543,2022-09-25T02:48:59,832,8,7,17,6
0.008,10.580339885522037,2022-09-25T02:49:11,778,6,0,9,16
0.0,0.0,2022-09-25T02:49:47,541,6,0,0,16
0.01,13.225424856902544,2022-09-25T02:50:11,107,17,25,9,5
0.38,502.5661445622967,2022-09-25T02:50:11,653,15,0,17,23
0.0169,22.3509680081653,2022-09-25T02:50:23,451,0,15,16,16
0.04,52.901699427610176,2022-09-25T02:50:23,530,0,0,10,9
0.005,6.612712428451272,2022-09-25T02:51:11,107,21,25,10,17
0.0399,52.76944517904115,2022-09-25T02:51:23,895,14,25,4,16
0.05,66.12712428451272,2022-09-25T02:51:23,622,21,0,0,21
0.0585,77.36873541287989,2022-09-25T02:51:35,763,20,0,10,16
0.07,92.5779739983178,2022-09-25T02:51:35,1043,20,6,12,16
0.0017,2.2483222256734323,2022-09-25T02:51:59,322,2,9,17,6
0.06,79.35254914141527,2022-09-25T02:52:11,939,19,5,21,6
0.0069,9.125543151262756,2022-09-25T02:52:59,933,5,15,10,16
0.1366,180.6593035452888,2022-09-25T02:53:11,215,21,0,0,0
0.0238,31.476511159428053,2022-09-25T02:53:23,685,13,0,17,22
0.1,132.25424856902544,2022-09-25T02:53:59,368,15,6,10,17
0.122,161.35018325421103,2022-09-25T02:54:11,583,16,7,16,17
0.109,144.15713094023772,2022-09-25T02:54:11,583,16,7,0,25
0.159,210.28425522475044,2022-09-25T02:54:11,241,0,6,17,17
0.12,158.70509828283053,2022-09-25T02:54:11,256,15,7,10,5
0.0017,2.2483222256734323,2022-09-25T02:54:47,401,2,1,17,10
0.085,112.41611128367164,2022-09-25T02:54:47,853,5,0,0,16
0.005569,7.365239102809027,2022-09-25T02:55:35,403,6,6,17,16
0.05,66.12712428451272,2022-09-25T02:55:47,703,14,18,8,17
0.83,1097.710263122911,2022-09-25T02:56:35,748,22,7,16,23
0.0017,2.2483222256734323,2022-09-25T02:56:35,134,2,10,17,10
0.07,92.5779739983178,2022-09-25T02:56:47,995,17,6,0,16
0.0,0.0,2022-09-25T02:57:11,740,21,0,0,16
0.002,2.6450849713805087,2022-09-25T02:57:11,372,23,0,0,16
0.00175,2.314449349957945,2022-09-25T02:57:35,708,2,7,17,14
0.549,726.0758246439497,2022-09-25T02:57:35,787,20,18,2,25
0.34,449.6644451346865,2022-09-25T02:57:47,151,0,0,14,16
0.029,38.35373208501738,2022-09-25T02:57:59,814,3,0,0,16
0.000988,1.3066719758619714,2022-09-25T02:57:59,305,3,0,0,16
0.07,92.5779739983178,2022-09-25T02:58:23,995,17,6,10,16
0.105,138.86696099747672,2022-09-25T02:58:47,912,15,7,16,16
0.001,1.3225424856902543,2022-09-25T02:59:23,448,20,6,0,16
0.0011,1.4547967342592798,2022-09-25T02:59:23,65,4,0,16,16
0.004,5.290169942761017,2022-09-25T02:59:23,524,17,6,10,20
0.07,92.5779739983178,2022-09-25T02:59:23,995,19,0,10,16
0.0039,5.157915694191992,2022-09-25T02:59:23,774,4,7,11,22
0.0012,1.5870509828283053,2022-09-25T02:59:35,360,19,15,10,16
0.001,1.3225424856902543,2022-09-25T02:59:35,360,15,15,10,16
0.0084,11.109356879798137,2022-09-25T02:59:47,672,18,12,16,0
0.0231,30.530104556941005,2022-09-25T02:11:47,419,16,0,14,16
0.005,6.612712428451272,2022-09-25T02:59:47,505,17,0,5,24
0.00499,6.599487003594369,2022-09-25T02:59:59,867,14,22,6,26
0.031,40.99881705639789,2022-09-25T03:00:35,594,13,7,0,17
0.0035,4.62889869991589,2022-09-25T03:01:23,328,20,11,9,16
0.0034,4.496644451346865,2022-09-25T03:01:23,910,23,6,9,16
0.0034,4.496644451346865,2022-09-25T03:01:23,910,16,7,22,16
0.0032,4.232135954208814,2022-09-25T03:01:23,25,23,11,9,16
1.5,1983.8137285353816,2022-09-25T03:01:35,321,13,0,0,16
0.0037,4.893407197053941,2022-09-25T03:01:59,366,1,10,12,16
0.00375,4.959534321338454,2022-09-25T03:01:59,218,16,6,10,16
0.0037,4.893407197053941,2022-09-25T03:01:59,810,15,10,15,16
0.011,14.547967342592798,2022-09-25T03:02:11,696,6,6,17,16
0.015,19.838137285353817,2022-09-25T03:02:11,697,5,0,17,16
0.0,0.0,2022-09-25T03:02:35,424,20,6,9,16
0.163,215.57442516751144,2022-09-25T02:36:47,533,23,14,22,16
0.0074,9.784867484315804,2022-09-25T03:03:35,21,0,15,12,16
0.0072,9.520411606361325,2022-09-25T03:03:35,21,0,15,0,16
0.00875,11.569944660508552,2022-09-25T03:03:35,932,0,15,0,16
0.0071,9.388183667384082,2022-09-25T03:03:35,21,20,15,0,16
0.0073,9.652639545338564,2022-09-25T03:03:35,21,0,15,0,16
0.00385,5.090775650623763,2022-09-25T03:04:11,1019,23,9,9,16
0.095,125.61654202837856,2022-09-25T03:04:35,817,1,6,5,27
0.03,39.66838169317218,2022-09-25T03:04:47,1036,17,6,9,22
0.085,112.39374813065452,2022-09-25T03:04:47,853,5,10,0,16
0.0039,5.156889620112383,2022-09-25T03:04:59,128,20,0,9,16
0.05,66.1139694886203,2022-09-25T03:05:11,838,15,17,18,17
0.05,66.1139694886203,2022-09-25T03:05:11,191,14,23,9,21
0.011,14.545073287496466,2022-09-25T03:05:47,988,15,0,0,9
0.011,14.545073287496466,2022-09-25T03:05:47,89,22,24,0,0
0.011,14.545073287496466,2022-09-25T03:05:47,496,21,6,18,24
0.01861,24.549527418387648,2022-09-25T01:50:47,751,16,18,8,25
0.0245,32.39584504942395,2022-09-25T03:06:23,289,0,15,17,14
0.05,66.1139694886203,2022-09-25T03:06:23,669,16,18,8,10
0.05,66.1139694886203,2022-09-25T03:06:23,421,20,17,1,21
0.6,792.3582254335466,2022-09-25T03:06:59,0,18,11,13,16
0.00198,2.618113191749364,2022-09-25T03:06:59,219,18,26,6,25
0.0045,5.950257253975827,2022-09-25T03:07:23,322,10,9,11,9
0.0085,11.239374813065451,2022-09-25T03:07:23,874,15,0,0,17
0.0038,5.024661681135143,2022-09-25T03:07:35,423,18,9,16,18
0.0037,4.892433742157902,2022-09-25T03:07:35,366,16,6,0,16
0.00375,4.958547711646522,2022-09-25T03:07:35,218,21,0,13,16
0.0037,4.892433742157902,2022-09-25T03:07:35,18,20,10,10,16
0.0037,4.892433742157902,2022-09-25T03:07:35,810,21,0,15,16
0.00375,4.958547711646522,2022-09-25T03:07:35,218,16,10,15,16
0.0037,4.892433742157902,2022-09-25T03:07:35,18,1,0,13,16
0.002,2.644558779544812,2022-09-25T03:07:35,108,20,19,16,23
0.0037,4.892433742157902,2022-09-25T03:07:35,810,15,6,0,16
0.0037,4.892433742157902,2022-09-25T03:07:35,18,20,7,0,16
0.198,261.8113191749364,2022-09-25T03:07:35,929,20,19,0,9
0.0037,4.892433742157902,2022-09-25T03:07:35,810,23,6,15,16
0.0599,79.20453544736712,2022-09-25T03:08:23,376,14,11,11,21
0.034,44.93608462926382,2022-09-25T02:49:35,659,16,15,17,23
0.003,3.966838169317218,2022-09-25T03:08:59,574,20,19,13,3
0.0045,5.950257253975827,2022-09-25T03:09:23,77,0,15,17,9
0.0045,5.950257253975827,2022-09-25T03:09:23,252,0,15,17,9
0.0045,5.950257253975827,2022-09-25T03:09:23,77,0,15,17,9
0.0045,5.950257253975827,2022-09-25T03:09:23,77,0,15,17,8
0.0045,5.950257253975827,2022-09-25T03:09:23,77,5,15,17,8
1.5,1983.419084658609,2022-09-25T03:09:35,992,21,0,11,0
0.035,46.27977864203421,2022-09-25T03:09:59,227,3,0,0,16
0.0027,3.5701543523854964,2022-09-25T03:09:59,15,5,15,0,0
0.052,68.75852826816511,2022-09-25T03:09:59,935,15,19,11,17
0.0439,58.04806521100863,2022-09-25T03:09:59,983,16,6,17,16
0.0039,5.156889620112383,2022-09-25T03:10:11,128,15,5,22,16
0.044,58.18029314998586,2022-09-25T03:10:23,449,19,7,17,16
0.0,0.0,2022-09-25T03:10:59,348,20,4,0,21
0.0038,5.024661681135143,2022-09-25T03:10:59,574,18,4,20,15
0.045,59.50257253975827,2022-09-25T03:11:11,4,16,12,17,16
0.0612,80.73245986057624,2022-09-25T01:43:35,651,14,18,16,1
0.0018,2.3801029015903308,2022-09-25T03:11:11,610,3,1,17,18
0.045,59.50257253975827,2022-09-25T03:11:35,4,19,12,17,16
0.045,59.50257253975827,2022-09-25T03:12:11,4,19,7,17,16
0.1371,181.28450433779688,2022-09-25T03:12:23,170,0,0,10,16
0.045,59.50257253975827,2022-09-25T03:12:59,4,19,4,17,16
0.0,0.0,2022-09-25T03:13:11,491,21,0,13,23
0.05499999999999,72.7253664374691,2022-09-25T03:13:11,466,23,17,1,17
0.004,5.289117559089624,2022-09-25T03:13:23,539,15,0,16,18
0.0487,64.39500628191617,2022-09-25T03:13:23,679,18,4,17,16
0.0488,64.52723422089342,2022-09-25T03:13:59,983,18,4,17,16
0.0042,5.553573437044105,2022-09-25T03:14:23,164,21,0,4,0
0.049,64.7916900988479,2022-09-25T03:14:23,878,19,18,17,16
0.0049,6.47916900988479,2022-09-25T03:14:35,946,5,15,17,0
0.0606,80.1301310202078,2022-09-25T03:14:47,797,14,18,8,25
0.049,64.7916900988479,2022-09-25T03:15:11,878,0,12,17,16
0.0038,5.024661681135143,2022-09-25T03:15:35,450,8,0,0,18
0.061,80.65904277611676,2022-09-25T03:15:35,815,14,17,1,25
0.049,64.7916900988479,2022-09-25T03:15:47,61,16,6,17,16
0.041,54.21345498066864,2022-09-25T03:15:59,871,1,3,16,16
0.04,52.89117559089624,2022-09-25T03:15:59,632,21,14,4,16
0.015,19.83419084658609,2022-09-25T03:15:59,713,20,17,18,26
0.0415,54.874594675554846,2022-09-25T03:15:59,883,1,3,16,16
0.04,52.89117559089624,2022-09-25T03:15:59,632,1,3,4,16
0.0415,54.874594675554846,2022-09-25T03:15:59,269,1,22,4,16
0.003,3.966838169317218,2022-09-25T03:16:11,876,16,24,18,24
0.0569,75.23769727804991,2022-09-25T03:16:23,160,3,1,21,6
19.0,25123.308405675714,2022-09-25T03:16:23,44,15,0,0,20
0.0148,19.569734968631607,2022-09-25T03:16:35,851,15,18,19,5
0.001,1.322279389772406,2022-09-25T03:16:35,719,0,15,0,12
0.05,66.1139694886203,2022-09-25T03:16:59,422,15,0,17,16
0.039,51.56889620112384,2022-09-25T03:17:23,531,18,0,0,0
0.05,66.1139694886203,2022-09-25T03:17:23,915,0,6,17,16
0.062,81.98132216588917,2022-09-25T03:17:23,926,15,17,18,0
0.05,66.1139694886203,2022-09-25T03:17:47,920,16,7,17,16
0.056,74.04764582725474,2022-09-25T03:18:11,442,17,11,10,0
0.001,1.322279389772406,2022-09-25T03:18:23,1030,23,26,9,19
0.002,2.644558779544812,2022-09-25T03:18:23,1,15,9,10,3
0.171,225.8220942485608,2022-09-25T03:16:35,331,16,6,2,24
0.002369,3.13247987437083,2022-09-25T03:18:23,606,12,11,9,9
0.001,1.322279389772406,2022-09-25T03:18:23,169,16,18,10,12
0.0009,1.1900514507951654,2022-09-25T03:18:23,786,15,27,16,8
0.00169,2.234652168715366,2022-09-25T03:18:23,813,20,6,3,11
0.0016,2.1156470236358498,2022-09-25T03:18:23,559,18,24,16,25
0.0009,1.1900514507951654,2022-09-25T03:18:23,786,15,23,7,8
0.002,2.644558779544812,2022-09-25T03:18:23,282,18,11,9,9
0.0039,5.156889620112383,2022-09-25T03:18:23,51,15,0,0,17
0.02,26.44558779544812,2022-09-25T03:18:35,694,18,22,1,24
0.0009,1.1900514507951654,2022-09-25T03:18:59,720,4,6,10,16
0.0039,5.156889620112383,2022-09-25T03:19:11,420,23,9,9,16
0.0025,3.305698474431015,2022-09-25T03:19:11,1038,23,9,12,16
0.015,19.83419084658609,2022-09-25T03:19:23,158,18,18,16,17
0.012,15.867352677268872,2022-09-25T03:19:35,715,15,20,20,20
0.012,15.867352677268872,2022-09-25T03:19:35,715,16,4,18,25
0.11,145.45073287496467,2022-09-25T03:19:47,596,18,0,13,16
0.0,0.0,2022-09-25T03:20:11,116,0,19,0,16
0.0649,85.81593239622914,2022-09-25T03:20:11,234,18,17,1,17
0.0058,7.669220460679955,2022-09-25T03:20:11,836,16,15,0,16
0.0526,69.55189590202856,2022-09-25T03:20:35,434,19,18,17,16
0.11,145.45073287496467,2022-09-25T03:20:47,596,20,6,13,16
0.0009,1.1900514507951654,2022-09-25T03:20:59,720,18,7,16,16
0.004,5.289117559089624,2022-09-25T03:21:35,450,8,0,0,17
0.05,66.1139694886203,2022-09-25T03:21:59,795,16,0,17,16
0.0009,1.1900514507951654,2022-09-25T03:22:35,720,5,7,16,16
0.239,315.2787239653223,2022-09-25T02:01:11,166,21,0,0,23
0.0,0.0,2022-09-25T03:22:47,668,15,23,8,0
0.003,3.966838169317218,2022-09-25T03:23:11,905,20,0,17,0
0.00088,1.1636058629997172,2022-09-25T03:23:35,658,14,18,19,19
0.065,85.9481603352064,2022-09-25T03:23:35,335,16,17,18,25
0.055,72.72536643748234,2022-09-25T03:23:59,899,14,23,8,21
0.0045,5.950257253975827,2022-09-25T03:24:11,676,1,11,17,7
0.066,87.2704397249788,2022-09-25T03:24:47,575,23,19,8,23
0.0011,1.4545073287496466,2022-09-25T03:24:47,959,15,22,19,11
0.0039,5.156889620112383,2022-09-25T03:24:47,194,3,0,17,18
0.129,170.5740412806404,2022-09-25T03:25:11,980,23,6,10,16
0.0089999999999999,11.900514507951652,2022-09-25T03:25:11,618,8,1,17,7
0.0113,14.906483601707706,2022-09-25T01:50:11,735,15,13,16,16
0.085,112.39374813065452,2022-09-25T03:25:23,585,19,6,15,16
0.01,13.22279389772406,2022-09-25T03:25:35,666,21,7,10,16
0.4777,631.6528644942783,2022-09-25T03:10:59,76,16,15,0,14
0.008,10.578235118179249,2022-09-25T03:25:35,906,3,11,17,6
0.1444,190.93714388313543,2022-09-25T03:25:35,986,14,18,1,21
0.00075,0.9917095423293044,2022-09-25T03:25:59,595,15,26,18,10
0.00099999,1.3222661669785083,2022-09-25T03:26:11,631,15,8,18,5
0.00099,1.309056595874682,2022-09-25T03:26:11,770,15,24,13,26
0.0087,11.503830691019932,2022-09-25T03:26:11,304,15,15,11,16
0.129,170.5740412806404,2022-09-25T03:26:11,980,23,0,10,16
0.00099999,1.3222661669785083,2022-09-25T03:26:35,631,23,4,1,6
0.00099999,1.3222661669785083,2022-09-25T03:26:35,631,15,17,18,17
0.00099999,1.3222661669785083,2022-09-25T03:26:35,631,17,17,19,17
0.00099999,1.3222661669785083,2022-09-25T03:26:35,631,18,16,13,20
0.02,26.44558779544812,2022-09-25T03:26:35,664,6,7,10,16
0.008,10.578235118179249,2022-09-25T03:26:47,826,4,1,17,10
0.1664,219.5078647189524,2022-09-25T01:55:11,359,21,26,0,17
0.004,5.289117559089624,2022-09-25T03:26:47,1041,15,9,22,16
0.037,48.92433742157903,2022-09-25T03:26:47,914,11,14,1,16
0.055,72.72536643748234,2022-09-25T03:26:59,699,15,8,2,23
0.0367,48.5276536046473,2022-09-25T03:27:11,299,14,9,4,16
0.378,499.8216093339695,2022-09-25T03:27:47,1017,12,0,0,16
0.0189,24.991080466698477,2022-09-25T03:27:47,430,15,0,3,0
0.028,37.02382291362737,2022-09-25T03:27:47,1020,15,15,17,23
0.09,119.00514507951654,2022-09-25T03:27:47,80,0,12,0,16
0.0009,1.1900514507951654,2022-09-25T03:27:47,737,23,12,18,2
0.0042,5.553573437044105,2022-09-25T03:27:59,718,4,7,17,5
0.029,38.346102303399775,2022-09-25T03:28:11,1020,16,15,17,0
0.0012,1.586735267726887,2022-09-25T03:28:23,854,20,2,6,20
0.0011,1.4545073287496466,2022-09-25T03:28:23,770,15,24,7,17
0.0013,1.7189632067041278,2022-09-25T03:28:23,159,16,22,18,25
0.0367,48.5276536046473,2022-09-25T03:28:23,299,3,25,12,16
0.0075,9.917095423293045,2022-09-25T03:28:47,866,5,1,17,20
0.00198,2.618113191749364,2022-09-25T03:28:59,219,14,16,13,22
0.0003,0.3966838169317218,2022-09-25T03:28:59,265,20,9,13,16
0.1,132.2279389772406,2022-09-25T03:28:59,276,0,0,0,16
0.029,38.346102303399775,2022-09-25T03:29:23,1020,17,15,17,20
0.0017,2.24787496261309,2022-09-25T03:29:23,574,17,27,18,15
0.0017,2.24787496261309,2022-09-25T03:29:23,574,14,4,1,14
0.0015,1.983419084658609,2022-09-25T03:29:23,737,15,4,18,24
0.00215,2.842900688010673,2022-09-25T03:29:23,108,14,18,12,4
0.0015,1.983419084658609,2022-09-25T03:29:23,737,15,26,18,25
0.0017,2.24787496261309,2022-09-25T03:29:23,574,16,2,6,5
0.0017,2.24787496261309,2022-09-25T03:29:23,574,16,18,1,14
0.00215,2.842900688010673,2022-09-25T03:29:23,108,23,22,1,5
0.0367,48.5276536046473,2022-09-25T03:29:35,299,18,14,1,16
0.0368,48.65988154362454,2022-09-25T03:29:35,299,1,3,4,16
0.0009,1.1900514507951654,2022-09-25T03:29:47,770,17,18,19,25
0.03,39.66838169317218,2022-09-25T03:29:47,582,23,15,17,0
0.1663,219.3759489348665,2022-09-25T01:57:23,359,23,6,13,19
0.00215,2.842900688010673,2022-09-25T03:30:23,108,15,18,19,25
0.00215,2.842900688010673,2022-09-25T03:30:23,897,15,27,19,3
0.213,281.64551002152245,2022-09-25T03:30:23,908,6,10,13,0
0.00215,2.842900688010673,2022-09-25T03:30:23,60,15,18,19,15
0.00215,2.842900688010673,2022-09-25T03:30:23,897,18,23,18,25
0.00275,3.636268321874117,2022-09-25T03:30:23,1038,1,7,3,16
0.031,40.99066108294458,2022-09-25T03:30:23,723,15,15,17,8
0.003,3.966838169317218,2022-09-25T03:30:35,737,14,27,19,19
0.00215,2.842900688010673,2022-09-25T03:30:35,209,16,12,18,25
0.003,3.966838169317218,2022-09-25T03:30:35,1038,19,6,10,16
0.003,3.966838169317218,2022-09-25T03:30:35,876,15,17,18,3
0.00215,2.842900688010673,2022-09-25T03:30:35,209,18,18,19,2
0.00215,2.842900688010673,2022-09-25T03:30:35,209,14,23,7,25
0.054,71.40308704770992,2022-09-25T03:30:35,5,15,20,1,5
1.249,1651.526957825735,2022-09-25T03:30:35,114,13,16,0,16
0.0025,3.305698474431015,2022-09-25T03:30:35,624,15,25,6,25
0.003,3.966838169317218,2022-09-25T03:30:35,737,20,12,11,17
0.0035,4.627977864203421,2022-09-25T03:30:35,178,18,23,18,2
0.0499,65.98174154964306,2022-09-25T03:30:35,460,0,0,0,16
0.0948,125.35208615042409,2022-09-25T03:30:35,176,16,6,13,24
0.04,52.89117559089624,2022-09-25T03:30:47,1010,19,25,4,16
0.0048,6.346941070907548,2022-09-25T03:30:47,375,23,13,18,23
0.07,92.55955728406842,2022-09-25T03:30:47,999,17,18,11,24
0.8975,1186.7457523207345,2022-09-25T03:30:59,603,15,7,10,16
0.0949,125.48431408940132,2022-09-25T03:30:59,864,0,0,14,0
0.0048,6.346941070907548,2022-09-25T03:31:23,953,15,27,2,17
0.002599,3.4366041340184834,2022-09-25T03:31:35,848,17,19,20,11
0.004,5.289117559089624,2022-09-25T03:31:35,167,23,24,11,12
0.008,10.578235118179249,2022-09-25T03:31:35,123,16,27,10,19
0.0021,2.7767867185220525,2022-09-25T03:31:35,770,14,16,19,24
0.0013,1.7189632067041278,2022-09-25T03:31:59,452,16,23,19,25
0.0048,6.346941070907548,2022-09-25T03:31:59,108,15,20,18,17
0.0023,3.041242596476534,2022-09-25T03:31:59,812,4,5,17,7
0.0016,2.1156470236358498,2022-09-25T03:32:23,16,18,24,19,17
0.034,44.957499252261805,2022-09-25T03:32:23,880,20,15,17,8
0.0048,6.346941070907548,2022-09-25T03:32:23,60,15,24,1,3
0.0048,6.346941070907548,2022-09-25T03:32:23,209,16,26,16,2
0.0,0.0,2022-09-25T03:32:47,918,18,0,0,6
0.0016,2.1156470236358498,2022-09-25T03:32:59,16,20,27,2,5
0.0,0.0,2022-09-25T03:33:11,913,5,6,14,16
0.0054,7.140308704770993,2022-09-25T03:33:11,598,15,18,16,4
0.0035,4.627977864203421,2022-09-25T03:33:11,770,15,27,11,19
0.0054,7.140308704770993,2022-09-25T03:33:11,598,16,18,5,24
0.045,59.362102838659005,2022-09-25T01:58:35,433,15,24,18,17
0.0054,7.140308704770993,2022-09-25T03:33:11,269,15,17,19,20
0.00539,7.1270859108732685,2022-09-25T03:33:11,85,15,27,19,14
0.0033,4.36352198624894,2022-09-25T03:33:11,159,15,19,7,25
0.016,21.156470236358498,2022-09-25T03:33:35,1050,19,0,10,27
0.00319999,4.2312808244778015,2022-09-25T03:33:59,835,18,22,18,23
0.0028,3.7023822913627367,2022-09-25T03:34:11,211,5,24,0,16
0.0039,5.156889620112383,2022-09-25T03:34:11,828,5,6,10,16
0.037,48.92433742157903,2022-09-25T03:34:11,299,14,14,1,16
0.0031,4.099066108294458,2022-09-25T03:34:11,130,0,6,13,16
0.0009,1.1900514507951654,2022-09-25T03:34:35,46,5,7,0,16
0.00479,6.333718277009825,2022-09-25T03:34:47,208,15,25,16,13
0.00479,6.333718277009825,2022-09-25T03:34:47,208,15,23,16,3
0.00479,6.333718277009825,2022-09-25T03:34:47,208,14,22,18,20
0.00479,6.333718277009825,2022-09-25T03:34:47,208,15,18,7,5
0.00479,6.333718277009825,2022-09-25T03:34:47,208,15,19,7,2
0.00479,6.333718277009825,2022-09-25T03:34:47,208,18,19,7,1
0.00479,6.333718277009825,2022-09-25T03:34:47,208,18,17,7,20
0.00479,6.333718277009825,2022-09-25T03:34:47,208,15,19,18,24
0.00479,6.333718277009825,2022-09-25T03:34:47,208,15,18,20,25
0.00479,6.333718277009825,2022-09-25T03:34:47,208,20,8,18,20
0.00479,6.333718277009825,2022-09-25T03:34:47,208,18,26,1,12
0.00479,6.333718277009825,2022-09-25T03:34:47,208,14,8,19,22
0.012,15.867352677268872,2022-09-25T03:34:47,1018,4,9,10,20
0.0122,16.131808555223355,2022-09-25T03:34:47,425,22,6,12,0
0.0035,4.627977864203421,2022-09-25T03:34:47,344,23,18,19,15
0.0129,17.057404128064036,2022-09-25T03:34:47,429,22,18,15,0
0.012,15.867352677268872,2022-09-25T03:34:47,757,22,24,10,20
0.0055,7.272536643748233,2022-09-25T03:34:47,186,17,18,0,20
0.012,15.867352677268872,2022-09-25T03:34:47,943,21,6,10,6
0.012,15.867352677268872,2022-09-25T03:34:47,298,20,24,15,23
0.0015,1.983419084658609,2022-09-25T03:35:23,587,3,5,17,10
0.0035,4.627977864203421,2022-09-25T03:35:35,8,15,25,20,20
0.0033,4.36352198624894,2022-09-25T03:35:35,371,14,20,1,11
0.0119,15.735124738291631,2022-09-25T03:35:35,283,13,0,13,17
0.0035,4.627977864203421,2022-09-25T03:35:47,644,18,21,0,1
2.35,3107.356565965154,2022-09-25T03:35:59,156,15,0,0,0
0.004,5.289117559089624,2022-09-25T03:36:23,861,15,19,13,25
0.99,1309.056595874682,2022-09-25T03:36:23,47,15,10,10,8
0.0037888,5.009852151969692,2022-09-25T03:36:35,835,23,4,18,17
0.012,15.867352677268872,2022-09-25T03:36:35,1033,13,0,9,17
0.0035,4.627977864203421,2022-09-25T03:36:35,644,20,23,13,5
0.0033,4.36352198624894,2022-09-25T03:36:59,861,17,4,18,25
0.0035,4.627977864203421,2022-09-25T03:37:23,525,20,24,19,25
0.0033,4.36352198624894,2022-09-25T03:37:23,620,20,24,19,22
0.003299,4.362199706859167,2022-09-25T03:37:47,648,20,17,16,24
0.0033,4.36352198624894,2022-09-25T03:37:59,620,18,18,18,20
0.0038,5.024661681135143,2022-09-25T03:37:59,613,15,16,6,3
0.0033,4.36352198624894,2022-09-25T03:37:59,371,18,26,13,20
0.0,0.0,2022-09-25T03:38:11,798,9,0,9,16
0.038,50.24661681135143,2022-09-25T03:38:11,297,15,0,0,8
0.003,3.966838169317218,2022-09-25T03:38:11,613,15,18,10,25
0.0032,4.2312940472717,2022-09-25T03:38:11,802,18,27,1,5
0.00168,2.221429374817642,2022-09-25T03:38:47,602,4,7,17,14
0.045,59.47422965637858,2022-09-25T02:36:35,590,20,6,10,16
0.0,0.0,2022-09-25T03:39:11,352,5,6,12,16
0.0,0.0,2022-09-25T03:39:47,927,23,0,10,0
0.0139,18.379683517836444,2022-09-25T03:39:47,987,1,0,13,0
0.0145,19.173051151699887,2022-09-25T03:39:47,33,6,0,0,12
0.003,3.966838169317218,2022-09-25T03:39:47,1038,1,9,15,16
0.01399,18.49868866291596,2022-09-25T03:39:47,710,15,0,0,18
0.01499,19.820968052688364,2022-09-25T03:39:47,1026,1,0,0,27
0.003,3.966838169317218,2022-09-25T03:39:47,1038,20,24,10,16
0.0145,19.173051151699887,2022-09-25T03:39:47,957,6,0,0,27
0.0027,3.5701543523854964,2022-09-25T03:39:47,1038,15,8,13,16
0.0144,19.04082321272265,2022-09-25T03:39:47,311,1,0,10,18
0.0,0.0,2022-09-25T03:39:59,682,21,4,1,21
0.24,317.34705354537743,2022-09-25T03:40:23,565,0,0,3,16
0.016,21.156470236358498,2022-09-25T03:40:47,712,16,11,22,16
0.003,3.966838169317218,2022-09-25T03:41:11,613,20,21,1,1
0.003,3.966838169317218,2022-09-25T03:41:11,613,15,8,20,25
0.003,3.966838169317218,2022-09-25T03:41:11,837,15,24,18,2
0.003,3.966838169317218,2022-09-25T03:41:11,613,20,25,19,5
3.21,4244.516841169423,2022-09-25T03:41:11,513,0,0,17,0
0.0025,3.305698474431015,2022-09-25T03:41:23,360,15,11,15,5
0.0009,1.1900514507951654,2022-09-25T03:41:23,193,20,18,20,3
0.0009,1.1900514507951654,2022-09-25T03:41:23,193,15,17,0,26
0.0,0.0,2022-09-25T03:41:59,1032,13,0,0,20
0.00011,0.1454507328749646,2022-09-25T03:41:59,790,21,0,0,16
0.00011,0.1454507328749646,2022-09-25T03:41:59,790,21,0,0,16
0.0003,0.3966838169317218,2022-09-25T03:41:59,790,1,0,0,16
0.0003,0.3966838169317218,2022-09-25T03:41:59,790,0,0,0,16
0.00011,0.1454507328749646,2022-09-25T03:41:59,790,15,0,10,16
0.0496,65.58505773271133,2022-09-25T03:41:59,214,20,0,0,16
0.55,727.2536643748233,2022-09-25T03:41:59,717,16,21,0,2
0.00489,6.465946215987065,2022-09-25T03:42:11,219,20,27,11,17
0.0101999999999999,13.48724977567854,2022-09-25T03:42:59,577,20,7,0,16
0.0022,2.909014657499293,2022-09-25T03:42:59,91,17,12,18,14
1.6,2110.6525453745426,2022-09-25T01:39:59,124,12,21,0,0
0.0,0.0,2022-09-25T03:43:11,224,14,9,0,25
0.048,63.46941070907549,2022-09-25T03:43:47,385,0,0,0,0
0.0,0.0,2022-09-25T03:43:59,794,20,17,11,20
0.004,5.289117559089624,2022-09-25T03:43:59,329,19,7,9,16
16.0,21156.47023635849,2022-09-25T03:43:59,974,14,7,16,0
0.0,0.0,2022-09-25T03:44:11,314,19,0,0,22
0.1,132.2279389772406,2022-09-25T03:44:11,308,5,25,16,20
0.0025,3.305698474431015,2022-09-25T03:44:47,1038,1,6,10,16
0.01,13.22279389772406,2022-09-25T03:44:47,604,17,26,9,1
0.0404,53.35212051252547,2022-09-25T03:23:11,478,14,16,16,13
0.037,48.92433742157903,2022-09-25T03:44:59,299,14,12,1,16
0.00395,5.223003589601004,2022-09-25T03:44:59,712,19,10,0,16
0.00249999,3.3056852516371174,2022-09-25T03:45:11,835,16,22,19,24
0.038,50.24661681135143,2022-09-25T03:45:11,79,0,0,11,0
0.005,6.61139694886203,2022-09-25T03:45:23,850,15,24,15,12
0.001,1.322279389772406,2022-09-25T03:45:23,643,20,0,16,0
0.005,6.61139694886203,2022-09-25T03:45:35,110,7,6,20,16
0.1,132.2279389772406,2022-09-25T03:45:35,352,16,6,0,16
0.036,47.60205803180661,2022-09-25T03:45:47,43,17,0,0,23
0.0015,1.983419084658609,2022-09-25T03:45:59,809,14,8,16,20
0.0049,6.47916900988479,2022-09-25T03:46:23,830,0,0,10,16
1e-05,0.013222793897724,2022-09-25T03:46:23,92,4,0,0,4
0.055,72.72536643748234,2022-09-25T03:46:35,968,16,20,1,17
0.0,0.0,2022-09-25T03:46:47,278,0,0,10,18
0.0606,80.1301310202078,2022-09-25T03:47:11,797,15,19,18,3
0.003,3.966838169317218,2022-09-25T03:47:35,905,18,7,17,0
0.0159,21.024242297381257,2022-09-25T03:47:59,761,13,0,15,16
0.0017,2.24787496261309,2022-09-25T03:47:59,391,0,16,17,22
0.0003,0.3966838169317218,2022-09-25T03:47:59,265,5,9,10,16
0.004,5.289117559089624,2022-09-25T03:48:11,307,5,11,17,8
0.01,13.22279389772406,2022-09-25T03:48:11,858,15,0,0,16
0.169,223.46521687153663,2022-09-25T03:48:35,302,15,0,0,16
0.0009,1.1900514507951654,2022-09-25T03:48:35,984,15,27,11,25
0.0101,13.348660433987192,2022-09-25T02:20:59,962,23,6,9,16
0.037,48.92433742157903,2022-09-25T03:48:59,299,23,25,14,16
0.0009,1.1900514507951654,2022-09-25T03:49:11,984,14,25,5,25
0.57,753.6992521702714,2022-09-25T03:49:11,799,20,24,18,9
0.0015,1.983419084658609,2022-09-25T03:49:11,12,2,0,17,10
0.0009,1.1900514507951654,2022-09-25T03:49:35,984,15,18,9,14
0.0528,69.73616992603253,2022-09-25T01:42:35,232,0,0,0,17
0.0009,1.1900514507951654,2022-09-25T03:49:35,984,15,18,1,3
0.0009,1.1900514507951654,2022-09-25T03:49:35,984,20,18,18,24
0.0009,1.1900514507951654,2022-09-25T03:49:35,984,20,18,6,23
0.0004,0.5289117559089624,2022-09-25T03:49:59,649,15,7,15,16
1.0,1322.279389772406,2022-09-25T03:49:59,1015,0,0,0,16
0.0019,2.5123308405675715,2022-09-25T03:50:11,260,0,0,21,16
0.002,2.644558779544812,2022-09-25T03:50:11,636,15,12,1,17
0.06,79.33676338634436,2022-09-25T03:50:11,203,6,9,21,6
0.001,1.322279389772406,2022-09-25T03:50:11,657,17,2,1,24
0.0014,1.8511911456813683,2022-09-25T03:50:23,119,14,21,19,24
0.0013,1.7189632067041278,2022-09-25T03:50:23,613,15,18,18,17
0.0018,2.3801029015903308,2022-09-25T03:50:23,134,15,18,7,25
0.044,58.18029314998586,2022-09-25T03:50:23,997,1,15,17,0
0.011,14.545073287496466,2022-09-25T03:50:35,593,18,2,7,21
0.037,48.92433742157903,2022-09-25T03:50:35,299,3,25,1,16
0.795,1051.2121148690628,2022-09-25T03:50:59,1007,15,6,10,16
0.037,48.92433742157903,2022-09-25T03:51:11,299,1,14,13,16
0.0333,44.03190367942112,2022-09-25T03:51:11,75,20,13,11,16
0.0678,89.65054262656912,2022-09-25T03:51:23,1037,23,0,0,16
0.061,80.65904277611676,2022-09-25T03:51:47,764,3,5,15,0
0.001,1.322279389772406,2022-09-25T03:51:47,657,20,20,13,25
0.0042,5.553573437044105,2022-09-25T03:51:47,645,21,0,12,17
0.0047,6.214713131930308,2022-09-25T03:52:11,729,15,16,1,2
0.0149,19.70196290760885,2022-09-25T03:52:23,350,13,15,0,0
0.0045,5.950257253975827,2022-09-25T03:52:59,279,18,26,11,7
0.0043,5.685801376021346,2022-09-25T03:52:59,539,16,9,4,9
0.037,48.92433742157903,2022-09-25T03:52:59,299,3,12,4,16
0.0019,2.5123308405675715,2022-09-25T03:53:11,410,16,8,20,17
0.0019,2.5123308405675715,2022-09-25T03:53:11,410,23,19,1,10
0.00198,2.618113191749364,2022-09-25T03:53:11,219,15,18,9,5
0.059,78.01448399657195,2022-09-25T03:53:23,471,17,15,17,0
0.0045,5.950257253975827,2022-09-25T03:53:23,990,15,18,18,14
0.0,0.0,2022-09-25T03:53:35,766,5,0,12,9
0.0018,2.3801029015903308,2022-09-25T03:53:35,101,5,0,0,17
0.0099,13.09056595874682,2022-09-25T03:53:47,32,21,6,17,0
0.039,51.56889620112384,2022-09-25T03:53:47,573,1,9,4,16
0.09,119.00514507951654,2022-09-25T03:53:59,248,14,4,10,24
0.899,1188.729171405393,2022-09-25T03:53:59,976,18,6,0,16
0.0121,15.99195952982624,2022-09-25T02:24:11,803,14,19,10,17
0.0,0.0,2022-09-25T03:54:23,441,10,6,16,16
0.0055,7.272536643748233,2022-09-25T03:54:23,498,20,0,0,16
0.0013,1.7189632067041278,2022-09-25T03:54:47,119,18,4,5,25
0.0517,68.3618444512334,2022-09-25T03:54:47,899,14,18,2,21
0.04,52.89117559089624,2022-09-25T03:54:47,269,18,3,4,16
0.0,0.0,2022-09-25T03:54:59,753,15,18,16,22
0.025,33.05698474431015,2022-09-25T03:55:35,438,23,10,12,16
0.0216,28.54763023506172,2022-09-25T02:54:23,177,20,10,12,16
0.0238,31.470249476583263,2022-09-25T03:55:35,235,15,10,12,16
0.029,38.346102303399775,2022-09-25T03:55:35,74,20,10,12,16
0.029,38.346102303399775,2022-09-25T03:55:35,608,16,10,12,16
0.028,37.02382291362737,2022-09-25T03:55:47,990,17,18,11,19
0.0016,2.1156470236358498,2022-09-25T03:55:59,342,16,16,9,17
0.0015,1.983419084658609,2022-09-25T03:55:59,207,15,18,19,2
0.0015,1.983419084658609,2022-09-25T03:55:59,207,17,18,18,17
0.0461,60.95707986850792,2022-09-25T03:56:11,494,0,0,10,0
0.0,0.0,2022-09-25T03:56:35,901,18,9,10,25
0.009,11.894845931275716,2022-09-25T02:27:23,771,5,11,13,16
0.0047,6.214713131930308,2022-09-25T03:56:47,729,18,22,12,24
0.02,26.44558779544812,2022-09-25T03:56:47,562,4,11,17,7
0.0035,4.627977864203421,2022-09-25T03:56:47,784,20,0,0,16
0.0026,3.437926413408256,2022-09-25T03:57:23,819,14,8,18,26
0.0375,49.58547711646523,2022-09-25T03:57:59,576,1,22,4,16
0.055,72.72536643748234,2022-09-25T03:58:11,663,17,18,1,25
0.054,71.40308704770992,2022-09-25T03:58:11,240,16,17,8,25
0.0542,71.6675429256644,2022-09-25T03:58:11,411,15,8,8,2
0.055,72.72536643748234,2022-09-25T03:58:11,240,23,17,8,21
0.0513,67.83293269532443,2022-09-25T03:58:11,601,15,18,8,9
0.055,72.72536643748234,2022-09-25T03:58:11,190,16,18,7,21
0.0521,68.89075620714235,2022-09-25T03:58:11,411,15,24,8,23
0.05269,69.67090104710807,2022-09-25T03:58:11,584,20,17,10,21
0.055,72.72536643748234,2022-09-25T03:58:11,262,15,21,8,21
0.11,145.45073287496467,2022-09-25T03:58:23,475,17,0,12,16
0.0399,52.758947651919,2022-09-25T03:58:35,760,11,3,4,16
0.0016,2.1156470236358498,2022-09-25T03:58:35,538,20,18,20,2
0.0788,104.1956159140656,2022-09-25T03:58:47,352,6,7,11,16
0.48,634.6941070907549,2022-09-25T03:58:47,10,15,25,18,12
0.0744,98.377586599067,2022-09-25T03:58:47,352,21,0,16,16
0.0766,101.2866012565663,2022-09-25T03:58:47,352,18,6,0,16
0.0225,29.73711482818929,2022-09-25T02:48:47,237,21,18,12,24
0.013,17.189632067041277,2022-09-25T03:59:11,225,22,0,12,0
0.0138,18.247455578859203,2022-09-25T03:59:11,54,15,0,16,23
0.0135,17.85077176192748,2022-09-25T03:59:11,54,22,9,16,19
0.014,18.511911456813685,2022-09-25T03:59:11,545,21,24,12,9
0.0138,18.247455578859203,2022-09-25T03:59:11,54,22,7,16,0
0.0,0.0,2022-09-25T03:59:23,627,15,19,0,3
0.0016,2.1156470236358498,2022-09-25T03:59:35,303,15,26,18,25
0.0016,2.1156470236358498,2022-09-25T03:59:35,362,14,4,5,4
0.0016,2.1156470236358498,2022-09-25T03:59:35,362,20,25,16,5
0.015,19.83419084658609,2022-09-25T04:00:35,402,1,0,13,27
0.015,19.83419084658609,2022-09-25T04:00:35,137,19,0,0,18
0.015,19.83419084658609,2022-09-25T04:00:35,317,1,0,10,27
0.015,19.83419084658609,2022-09-25T04:00:35,948,6,0,0,24
0.015,19.83419084658609,2022-09-25T04:00:35,340,19,0,13,27
0.015,19.83419084658609,2022-09-25T04:00:35,646,6,0,0,18
0.074,97.84867484315804,2022-09-25T04:00:47,31,0,0,0,16
0.0016,2.1156470236358498,2022-09-25T04:00:47,822,18,25,11,4
0.015,19.83419084658609,2022-09-25T04:00:59,67,15,7,15,20
0.039999,52.88985331150647,2022-09-25T04:01:11,208,19,14,16,16
0.0,0.0,2022-09-25T04:01:59,1021,15,7,10,26
0.001,1.3271068237309942,2022-09-25T04:01:59,163,3,0,0,0
0.0016,2.1233709179695905,2022-09-25T04:01:59,822,15,22,19,3
0.0063,8.360772989505264,2022-09-25T04:02:11,736,15,6,16,27
0.0015,1.9906602355964915,2022-09-25T04:02:35,119,23,18,11,13
0.0016,2.1233709179695905,2022-09-25T04:02:35,822,23,19,19,11
0.0016,2.1233709179695905,2022-09-25T04:02:35,822,15,8,18,3
0.0015,1.9906602355964915,2022-09-25T04:02:35,431,14,22,1,24
0.0015,1.9906602355964915,2022-09-25T04:02:35,431,15,18,20,17
0.0015,1.9906602355964915,2022-09-25T04:02:35,431,23,20,18,14
0.0014,1.857949553223392,2022-09-25T04:02:47,9,2,7,17,14
0.05,65.95789204295446,2022-09-25T01:39:11,961,16,12,20,5
0.0015,1.9906602355964915,2022-09-25T04:02:59,431,17,12,12,23
0.00449,5.958709638552164,2022-09-25T04:02:59,113,1,11,17,10
0.1,132.1649547919524,2022-09-25T03:03:59,651,17,21,2,2
0.02855,37.888899817519885,2022-09-25T04:03:35,253,15,0,21,17
0.04,53.08427294923977,2022-09-25T04:03:47,510,1,14,13,16
0.0015,1.9906602355964915,2022-09-25T04:03:47,431,23,24,7,1
0.0016,2.1233709179695905,2022-09-25T04:03:59,822,14,16,0,17
0.05,66.35534118654971,2022-09-25T04:04:23,611,20,0,0,0
0.45,597.1980706789474,2022-09-25T04:04:23,59,20,0,10,0
0.002,2.6542136474619884,2022-09-25T04:04:23,119,14,12,1,19
0.0055,7.299087530520468,2022-09-25T04:04:35,985,1,0,13,16
0.075,99.53301177982456,2022-09-25T04:04:47,769,15,0,0,16
6.5,8626.194354251462,2022-09-25T04:04:59,1024,18,15,17,23
0.0055,7.299087530520468,2022-09-25T04:04:59,110,6,6,4,16
0.008,10.616854589847954,2022-09-25T04:04:59,463,16,15,11,16
0.0017,2.2560816003426902,2022-09-25T04:04:59,937,16,23,19,17
0.0197,26.144004427500587,2022-09-25T04:05:47,440,17,15,0,0
0.089,118.11250731205848,2022-09-25T04:05:47,222,0,15,17,0
0.005,6.635534118654971,2022-09-25T04:06:35,231,7,7,4,16
0.0088,11.67854004883275,2022-09-25T04:06:35,178,14,22,1,1
0.0058,7.697219577639767,2022-09-25T04:08:11,431,17,18,18,2
0.1449,192.29777875862104,2022-09-25T04:08:11,365,0,0,0,5
0.0048,6.3701127539087725,2022-09-25T04:08:23,329,15,6,9,16
0.016,21.233709179695907,2022-09-25T04:08:47,341,20,9,15,22
0.0042,5.573848659670175,2022-09-25T04:09:11,846,16,0,22,16
0.0044,5.839270024416375,2022-09-25T04:09:11,580,23,10,9,16
0.0042,5.573848659670175,2022-09-25T04:09:11,846,20,0,22,16
0.0042,5.573848659670175,2022-09-25T04:09:11,852,15,11,22,16
0.004,5.308427294923977,2022-09-25T04:09:11,1041,15,14,22,16
0.31,411.4031153566082,2022-09-25T04:09:11,233,15,6,0,14
0.004,5.308427294923977,2022-09-25T04:09:11,617,16,14,9,16
0.00395,5.242071953737427,2022-09-25T04:09:11,712,20,5,22,16
0.004,5.308427294923977,2022-09-25T04:09:11,2,16,5,22,16
0.04,53.08427294923977,2022-09-25T04:09:47,150,18,25,4,16
0.043,57.06559342043275,2022-09-25T04:09:47,269,17,12,16,16
0.0015,1.9906602355964915,2022-09-25T04:10:23,431,23,18,20,24
0.0769,102.05451474491343,2022-09-25T04:10:59,352,19,0,10,16
0.0015,1.9906602355964915,2022-09-25T04:10:59,386,15,19,18,1
0.069,91.5703708374386,2022-09-25T04:11:23,804,14,27,18,21
0.023,30.523456945812868,2022-09-25T04:11:35,48,14,23,13,8
0.07,92.8974776611696,2022-09-25T04:11:59,780,1,25,12,16
0.0015,1.9906602355964915,2022-09-25T04:12:59,318,23,24,5,20
0.0016,2.1233709179695905,2022-09-25T04:12:59,266,20,4,6,25
0.0016,2.1233709179695905,2022-09-25T04:12:59,800,15,4,7,24
0.0015,1.9906602355964915,2022-09-25T04:12:59,386,15,19,18,17
0.085,112.80408001713452,2022-09-25T04:13:11,400,0,0,0,0
0.0,0.0,2022-09-25T04:13:59,363,23,8,0,18
0.159,211.0099849732281,2022-09-25T04:13:59,956,0,7,10,6
0.004,5.308427294923977,2022-09-25T04:14:35,249,10,0,4,27
0.0038,5.043005930177778,2022-09-25T04:14:35,120,10,7,4,25
0.0039,5.175716612550877,2022-09-25T04:14:35,520,20,0,4,27
0.0038,5.043005930177778,2022-09-25T04:14:35,120,17,9,0,18
0.004,5.308427294923977,2022-09-25T04:14:35,249,21,6,4,27
0.0038,5.043005930177778,2022-09-25T04:14:35,120,20,7,16,17
0.004,5.308427294923977,2022-09-25T04:14:35,249,4,7,12,8
0.0,0.0,2022-09-25T04:14:47,638,6,7,16,16
0.0017999999999999,2.388792282715787,2022-09-25T04:14:59,274,14,20,7,20
0.06110001,80.68849249595326,2022-09-25T03:43:23,352,15,6,11,16
0.0,0.0,2022-09-25T04:16:11,532,23,17,16,17
0.02,26.542136474619884,2022-09-25T04:16:11,692,23,9,10,16
0.1,132.71068237309942,2022-09-25T04:16:11,352,16,6,0,16
0.0,0.0,2022-09-25T04:16:35,609,15,21,16,8
0.0003,0.3981320471192983,2022-09-25T04:16:59,831,0,0,18,16
0.007,9.28974776611696,2022-09-25T04:17:11,316,15,0,0,16
0.0,0.0,2022-09-25T04:17:23,416,23,6,16,20
0.0248,32.91224922852866,2022-09-25T04:18:23,283,17,0,16,0
0.89,1181.1250731205848,2022-09-25T04:18:47,572,20,0,10,16
0.0045,5.9719807067894735,2022-09-25T04:18:47,990,20,12,1,1
0.025,33.177670593274854,2022-09-25T04:19:23,395,16,0,0,0
0.025,33.177670593274854,2022-09-25T04:19:35,521,1,0,17,16
1.25,1658.8835296637428,2022-09-25T04:19:59,40,0,0,10,7
0.0836,111.33883943788454,2022-09-25T04:04:59,908,15,0,0,17
0.045,59.71980706789474,2022-09-25T04:20:35,487,19,0,0,0
0.0594,78.55902365000111,2022-09-25T02:05:35,693,19,0,0,16
0.02499999,33.17765732220662,2022-09-25T04:20:47,338,23,13,1,4
0.06,79.62640942385966,2022-09-25T04:21:23,756,18,18,7,21
0.0337,44.7234999597345,2022-09-25T04:21:23,507,20,17,19,25
0.0428,56.52856198549607,2022-09-25T01:44:59,845,8,0,0,18
0.034,45.1216320068538,2022-09-25T04:21:23,634,14,8,18,25
0.0005,0.6635534118654971,2022-09-25T04:21:35,265,18,9,9,16
0.094,124.23505750443526,2022-09-25T02:07:47,662,19,9,0,16
0.0519,68.54748521138424,2022-09-25T01:40:59,457,13,0,0,19
0.0085,11.28040800171345,2022-09-25T04:22:11,144,0,0,17,16
0.0037,4.910295247804679,2022-09-25T04:22:11,881,0,0,3,16
0.02,26.542136474619884,2022-09-25T04:22:23,13,0,0,16,22
0.0,0.0,2022-09-25T04:23:11,264,4,16,5,9
0.0325,43.13097177125732,2022-09-25T04:23:47,162,15,18,0,3
0.055,72.99087530520468,2022-09-25T04:23:47,823,23,24,9,24
0.005,6.635534118654971,2022-09-25T04:24:11,642,23,9,0,7
0.0008,1.0616854589847953,2022-09-25T04:24:47,893,15,15,17,16
0.2,265.42136474619883,2022-09-25T04:25:11,129,0,0,0,16
0.0094,12.474804143071346,2022-09-25T04:06:59,318,0,7,11,22
0.03,39.81320471192983,2022-09-25T04:26:11,686,22,6,16,16
0.0,0.0,2022-09-25T04:26:35,415,18,12,18,25
0.0013,1.7252388708502924,2022-09-25T04:26:59,678,17,8,18,5
0.0013,1.7252388708502924,2022-09-25T04:26:59,678,17,8,19,4
0.0013,1.7252388708502924,2022-09-25T04:26:59,678,18,24,18,1
0.0199,26.409425792246783,2022-09-25T04:27:23,436,19,0,10,18
0.066,87.58905036624562,2022-09-25T04:27:23,439,21,19,20,3
0.0283,37.55712311158714,2022-09-25T04:27:47,500,18,7,21,22
0.0017999999999999,2.388792282715787,2022-09-25T04:28:11,274,23,16,0,20
1.0,1327.1068237309942,2022-09-25T04:28:47,90,18,6,13,16
0.095,126.07514825444444,2022-09-25T04:29:11,343,23,15,17,0
0.0013999999999999,1.8579495532233887,2022-09-25T04:29:35,674,15,18,18,15
0.015,19.906602355964917,2022-09-25T04:29:47,575,15,4,11,25
0.0012,1.5925281884771931,2022-09-25T04:30:23,464,15,25,18,1
0.0045,5.9719807067894735,2022-09-25T04:30:23,990,18,19,12,14
0.00669,8.87834465076035,2022-09-25T04:30:23,911,7,7,4,16
0.069,91.5703708374386,2022-09-25T04:31:47,916,15,23,8,17
0.004,5.308427294923977,2022-09-25T04:32:11,412,16,9,22,16
0.004,5.308427294923977,2022-09-25T04:32:11,2,16,11,9,16
0.002,2.6542136474619884,2022-09-25T04:32:47,571,16,12,13,23
0.0,0.0,2022-09-25T04:32:59,143,4,0,17,16
0.001,1.3271068237309942,2022-09-25T04:33:35,998,13,7,12,23
0.0019,2.521502965088889,2022-09-25T04:34:11,305,13,7,10,23
0.0035,4.644873883058479,2022-09-25T04:34:11,23,20,14,5,16
0.01,13.271068237309942,2022-09-25T04:34:59,404,22,7,10,0
0.0038,5.043005930177778,2022-09-25T04:34:59,69,15,8,6,17
0.01,13.271068237309942,2022-09-25T04:34:59,977,22,19,17,0
0.0,0.0,2022-09-25T04:35:11,626,5,6,12,17
0.005,6.635534118654971,2022-09-25T04:35:11,642,15,0,0,18
0.01899,25.0508073979141,2022-09-25T02:04:35,751,18,0,0,17
0.016,21.233709179695907,2022-09-25T04:35:47,1006,19,0,16,17
0.018,23.88792282715789,2022-09-25T04:36:47,528,16,0,10,16
0.2,264.50849713805087,2022-09-25T03:00:47,567,16,27,13,20
0.0744,98.73674768558595,2022-09-25T04:37:11,352,16,0,16,16
0.0048,6.3701127539087725,2022-09-25T04:37:23,834,16,14,22,16
0.012,15.92528188477193,2022-09-25T04:37:23,844,22,0,0,16
0.013,17.252388708502924,2022-09-25T04:37:23,745,22,6,0,16
0.075,99.53301177982456,2022-09-25T04:37:47,633,16,25,19,3
0.089,117.62680976483765,2022-09-25T02:30:11,801,3,0,17,14
0.0045,5.9719807067894735,2022-09-25T04:37:59,990,23,17,18,20
0.035,46.4487388305848,2022-09-25T04:38:11,300,19,14,14,16
0.0012,1.5925281884771931,2022-09-25T04:38:11,464,15,17,7,12
0.0011,1.4598175061040937,2022-09-25T04:38:11,770,20,18,11,20
0.004,5.308427294923977,2022-09-25T04:38:23,242,23,9,12,9
0.0,0.0,2022-09-25T04:38:47,109,0,26,20,19
0.08,106.16854589847954,2022-09-25T04:39:35,931,17,4,11,24
0.0048,6.3701127539087725,2022-09-25T04:40:47,375,23,12,5,17
0.002,2.6542136474619884,2022-09-25T04:41:23,1045,2,11,17,9
0.001,1.3271068237309942,2022-09-25T04:42:11,809,20,22,20,23
0.0012,1.5925281884771931,2022-09-25T04:42:11,91,16,27,7,5
0.0012,1.5925281884771931,2022-09-25T04:42:11,91,14,24,18,19
0.0066,8.758905036624562,2022-09-25T04:42:59,178,18,16,12,13
0.0,0.0,2022-09-25T04:43:23,557,0,0,0,16
0.00045,0.5971980706789474,2022-09-25T04:43:23,392,13,24,3,17
0.0056,7.431798212893567,2022-09-25T04:43:35,266,14,12,16,20
0.0084,11.14769731934035,2022-09-25T04:19:59,285,0,15,0,16
0.0065,8.626194354251462,2022-09-25T04:43:47,128,5,15,0,16
0.0065,8.626194354251462,2022-09-25T04:43:47,128,0,15,0,16
0.0013,1.7252388708502924,2022-09-25T04:43:47,391,19,0,17,22
0.007,9.28974776611696,2022-09-25T04:43:47,62,6,15,0,16
0.0069,9.15703708374386,2022-09-25T04:43:47,291,0,15,5,16
0.0069,9.15703708374386,2022-09-25T04:43:47,291,6,15,0,16
0.11,145.1073624944998,2022-09-25T01:32:47,138,0,15,11,16
0.0069,9.15703708374386,2022-09-25T04:43:47,291,0,15,0,16
0.0036,4.777584565431579,2022-09-25T04:44:11,373,6,6,0,16
0.0045,5.9719807067894735,2022-09-25T04:44:35,990,18,16,11,24
0.0036,4.777584565431579,2022-09-25T04:44:59,373,0,0,10,16
0.08,106.16854589847954,2022-09-25T04:45:35,982,0,0,0,21
0.0013999999999999,1.8579495532233887,2022-09-25T04:45:35,674,18,18,1,11
0.0039,5.175716612550877,2022-09-25T04:45:35,247,15,0,17,27
0.0019,2.521502965088889,2022-09-25T04:45:35,652,0,0,0,0
0.0,0.0,2022-09-25T04:45:59,1001,23,7,10,8
0.065,86.26194354251463,2022-09-25T04:45:59,1008,18,22,1,17
0.00148,1.9641180991218716,2022-09-25T04:45:59,884,1,1,17,8
0.0004,0.5308427294923976,2022-09-25T04:46:23,965,13,0,0,18
0.0346,45.9178961010924,2022-09-25T04:47:59,483,0,0,10,0
0.0012,1.5925281884771931,2022-09-25T04:48:11,488,15,8,19,19
0.0007,0.928974776611696,2022-09-25T04:48:11,149,22,0,10,20
0.0,0.0,2022-09-25T04:48:35,78,21,12,12,16
0.006,7.962640942385965,2022-09-25T04:48:47,198,19,10,22,16
0.015,19.906602355964917,2022-09-25T04:50:11,136,1,0,0,16
0.002,2.6542136474619884,2022-09-25T04:50:11,386,15,16,19,6
0.0014,1.857949553223392,2022-09-25T04:50:11,800,18,25,18,4
0.008,10.616854589847954,2022-09-25T04:50:47,266,15,13,16,1
0.0063,8.326392151893002,2022-09-25T02:06:59,651,23,20,7,11
0.0028,3.715899106446784,2022-09-25T04:51:23,209,15,4,20,17
0.0017,2.2560816003426902,2022-09-25T04:51:23,937,15,27,18,1
0.0028,3.715899106446784,2022-09-25T04:51:23,953,16,27,19,26
0.0028,3.715899106446784,2022-09-25T04:51:23,60,14,18,16,4
0.0029,3.8486097888198834,2022-09-25T04:51:23,796,23,26,18,4
0.0028,3.715899106446784,2022-09-25T04:51:23,431,20,26,18,19
0.0029,3.8486097888198834,2022-09-25T04:51:23,362,15,4,19,19
0.002,2.6542136474619884,2022-09-25T04:51:23,386,20,18,19,25
0.0035,4.644873883058479,2022-09-25T04:51:23,792,14,18,7,17
0.0022,2.9196350122081878,2022-09-25T04:51:23,159,23,24,20,2
0.0415,55.07493318483626,2022-09-25T04:51:47,269,1,14,4,16
0.099,131.38357554936843,2022-09-25T04:52:11,479,15,6,0,18
0.0085,11.28040800171345,2022-09-25T04:52:23,42,7,15,11,16
0.0095,12.607514825444444,2022-09-25T04:52:23,377,4,9,17,8
0.05,66.35534118654971,2022-09-25T04:52:35,776,17,17,18,21
0.505,667.751091835065,2022-09-25T03:32:23,435,13,21,15,17
0.039,51.757166125508775,2022-09-25T04:52:59,1012,1,0,10,0
0.0419,55.60577591432866,2022-09-25T04:52:59,269,3,25,4,16
0.0,0.0,2022-09-25T04:53:35,99,23,15,17,0
0.1569,208.22306064339296,2022-09-25T04:53:47,127,15,0,0,0
0.0099,13.138357554936842,2022-09-25T04:53:47,1005,17,12,9,22
0.00045,0.5971980706789474,2022-09-25T04:53:47,392,13,4,3,27
0.0419,55.60577591432866,2022-09-25T04:54:11,673,11,12,4,16
0.0419,55.60577591432866,2022-09-25T04:54:11,269,1,12,13,16
0.248,327.9905364511831,2022-09-25T02:52:47,281,21,6,12,16
0.0419,55.60577591432866,2022-09-25T04:54:11,269,17,14,1,16
0.0068,9.02432640137076,2022-09-25T04:54:35,793,0,15,0,16
0.0,0.0,2022-09-25T04:54:47,841,15,0,0,25
0.0065,8.626194354251462,2022-09-25T04:55:11,865,5,15,16,16
0.034,45.1216320068538,2022-09-25T04:55:11,660,23,8,20,17
0.034,45.1216320068538,2022-09-25T04:55:11,634,15,21,2,23
0.0329,43.661814500749706,2022-09-25T04:55:11,106,15,19,20,20
0.034,45.1216320068538,2022-09-25T04:55:11,277,15,22,12,25
0.034,45.1216320068538,2022-09-25T04:55:11,634,14,18,7,5
0.051,67.92201927430756,2022-09-25T04:48:11,405,20,19,16,17
0.0011,1.4598175061040937,2022-09-25T04:55:47,1048,16,17,6,14
0.014,18.503093670873337,2022-09-25T02:25:23,972,18,20,19,17
0.0015,1.9811411910804697,2022-09-25T01:42:35,556,13,0,15,22
0.04,53.08427294923977,2022-09-25T04:57:47,743,1,14,4,16
0.0011,1.4598175061040937,2022-09-25T04:57:47,1048,14,19,19,26
0.008,10.616854589847954,2022-09-25T04:58:11,131,20,12,1,10
0.1525,201.5515560577274,2022-09-25T02:10:23,1049,15,4,0,24
0.0039,5.175716612550877,2022-09-25T04:58:35,894,16,5,9,16
0.00449,5.958709638552164,2022-09-25T04:59:35,212,3,1,17,20
0.00148,1.9641180991218716,2022-09-25T05:00:23,744,8,7,17,7
0.01399,18.56622446399661,2022-09-25T05:00:23,540,4,7,10,24
0.009,11.943961413578949,2022-09-25T05:00:23,265,18,0,15,16
2.49,3304.495991090176,2022-09-25T05:01:47,951,0,6,0,16
0.002,2.6542136474619884,2022-09-25T05:01:47,238,17,0,10,16
0.065,86.26194354251463,2022-09-25T05:01:47,654,20,19,8,25
0.0045,5.978729629128172,2022-09-25T05:02:23,863,15,25,11,24
0.0008,1.062885267400564,2022-09-25T05:02:23,978,13,19,0,17
0.0012,1.594327901100846,2022-09-25T05:02:35,488,16,18,19,25
0.0011,1.4614672426757755,2022-09-25T05:02:35,1048,17,24,19,3
0.0198,26.30641036816396,2022-09-25T05:03:11,258,15,2,11,8
1.05,1387.7320253155,2022-09-25T02:54:11,251,22,22,0,0
0.0109,14.481811768332683,2022-09-25T05:03:47,551,20,23,5,5
0.0013,1.7271885595259164,2022-09-25T05:03:59,667,5,11,17,6
0.8,1062.885267400564,2022-09-25T05:03:59,775,22,0,0,6
0.0119,15.81041835258339,2022-09-25T05:04:23,258,14,11,19,22
0.03,39.85819752752115,2022-09-25T05:04:59,536,23,16,18,25
0.01,13.28606584250705,2022-09-25T05:05:23,49,20,19,0,25
0.05,66.43032921253526,2022-09-25T05:05:47,345,0,24,10,5
0.019,25.2435251007634,2022-09-25T05:06:11,628,5,15,13,16
0.0012,1.594327901100846,2022-09-25T05:06:47,886,0,0,17,17
0.01,13.28606584250705,2022-09-25T05:06:59,840,0,0,0,16
0.0,0.0,2022-09-25T05:08:23,746,15,18,13,25
0.1049,139.70627101715417,2022-09-25T04:56:47,890,15,25,19,0
0.0433,57.52866509805553,2022-09-25T05:09:23,535,15,0,3,16
0.0041,5.44728699542789,2022-09-25T05:09:59,147,16,25,18,9
0.0011,1.4614672426757755,2022-09-25T05:10:35,1048,14,22,19,15
0.0012,1.594327901100846,2022-09-25T05:10:35,488,15,24,19,23
0.001,1.328606584250705,2022-09-25T05:10:35,550,21,0,0,16
0.0569,75.59771464386512,2022-09-25T05:10:47,443,15,12,12,4
0.0,0.0,2022-09-25T05:11:35,941,17,18,16,25
0.08,106.2885267400564,2022-09-25T05:11:35,734,23,6,0,16
0.0022,2.922934485351551,2022-09-25T05:12:23,20,20,16,18,15
0.002,2.65721316850141,2022-09-25T05:12:23,816,16,16,1,2
0.11625,153.64175994564465,2022-09-25T02:37:35,936,16,11,18,25
0.0023,3.055795143776621,2022-09-25T05:12:23,303,23,20,9,17
0.001,1.3225424856902543,2022-09-25T02:37:35,971,15,8,18,19
0.0028,3.720098435901974,2022-09-25T05:12:23,897,17,19,5,22
0.0019,2.5243525100763398,2022-09-25T05:12:23,353,20,17,18,24
0.0019,2.5243525100763398,2022-09-25T05:12:23,410,17,18,18,2
0.0021,2.7900738269264806,2022-09-25T05:12:23,131,18,4,7,17
0.002,2.65721316850141,2022-09-25T05:12:23,816,16,24,18,24
0.0125,16.607582303133814,2022-09-25T05:12:35,527,15,24,1,17
0.0011,1.4614672426757755,2022-09-25T05:12:47,1048,20,26,1,11
0.0012,1.594327901100846,2022-09-25T05:12:47,488,15,27,19,17
0.0012,1.594327901100846,2022-09-25T05:12:47,488,20,18,10,25
0.0585,77.72348517866624,2022-09-25T05:13:47,245,19,1,21,6
0.0019,2.5243525100763398,2022-09-25T05:13:59,809,16,18,12,26
0.0013,1.7271885595259164,2022-09-25T05:13:59,800,15,20,5,19
0.002,2.65721316850141,2022-09-25T05:13:59,134,20,17,2,5
0.002,2.65721316850141,2022-09-25T05:13:59,919,18,20,18,24
0.0022,2.922934485351551,2022-09-25T05:13:59,39,23,18,5,20
0.002,2.65721316850141,2022-09-25T05:13:59,816,14,24,9,15
0.002,2.65721316850141,2022-09-25T05:13:59,945,20,23,6,25
0.0015,1.992909876376057,2022-09-25T05:13:59,266,15,27,7,23
0.002,2.643299095839048,2022-09-25T02:35:11,704,18,20,6,24
0.0012,1.594327901100846,2022-09-25T05:13:59,91,14,18,19,25
0.0022,2.922934485351551,2022-09-25T05:13:59,131,15,21,18,20
0.426249999999,567.6815826589348,2022-09-25T04:21:59,83,15,2,18,4
0.002,2.65721316850141,2022-09-25T05:13:59,945,16,26,19,17
0.015,19.906602355964917,2022-09-25T04:47:35,731,23,27,1,17
0.003,3.985819752752115,2022-09-25T05:14:47,1003,23,21,0,17
0.0013999999999999,1.8600492179509844,2022-09-25T05:14:47,674,20,18,20,17
0.002,2.65721316850141,2022-09-25T05:15:11,523,15,8,5,24
0.002,2.65721316850141,2022-09-25T05:15:11,523,23,2,1,25
0.002,2.65721316850141,2022-09-25T05:15:11,523,18,16,12,5
0.0025,3.3215164606267624,2022-09-25T05:15:11,486,14,16,18,25
0.002,2.65721316850141,2022-09-25T05:15:11,945,15,25,18,2
0.0265,35.20807448264368,2022-09-25T05:15:11,579,3,6,13,7
0.002,2.65721316850141,2022-09-25T05:15:11,284,16,25,18,2
0.002,2.65721316850141,2022-09-25T05:15:11,523,16,26,7,15
0.0025,3.3215164606267624,2022-09-25T05:15:11,486,15,17,19,5
0.002,2.65721316850141,2022-09-25T05:15:11,523,20,12,7,23
0.0018999999999999,2.5243525100763367,2022-09-25T05:15:59,34,15,22,18,12
0.0,0.0,2022-09-25T05:16:35,301,15,0,10,17
0.0032,4.251541069602256,2022-09-25T05:16:59,228,0,0,13,16
0.0007,0.9300246089754935,2022-09-25T05:17:59,465,13,7,10,19
0.0006,0.797163950550423,2022-09-25T05:17:59,465,13,0,0,24
0.0018999999999999,2.5243525100763367,2022-09-25T05:18:11,34,16,12,5,20
0.066,87.68803456054653,2022-09-25T05:18:11,581,6,6,16,25
0.0016,2.125770534801128,2022-09-25T05:18:47,512,17,22,7,5
0.0,0.0,2022-09-25T05:18:59,257,14,7,10,26
0.0198,26.30641036816396,2022-09-25T05:18:59,1011,20,27,9,25
0.0046,6.111590287553243,2022-09-25T05:19:11,1014,4,10,17,10
1.435,1906.5504483997615,2022-09-25T05:19:23,7,3,0,17,16
0.015,19.92909876376057,2022-09-25T05:19:35,749,1,7,0,5
0.02,26.5721316850141,2022-09-25T05:19:35,30,23,7,0,14
0.02,26.5721316850141,2022-09-25T05:19:35,979,1,6,16,27
0.02,26.5721316850141,2022-09-25T05:19:35,706,15,6,9,12
0.02,26.5721316850141,2022-09-25T05:19:35,691,18,0,16,17
0.02,26.5721316850141,2022-09-25T05:19:35,996,19,7,13,6
0.015,19.92909876376057,2022-09-25T05:19:35,781,16,0,14,17
0.0041,5.44728699542789,2022-09-25T05:20:11,147,15,18,13,4
0.0,0.0,2022-09-25T05:20:35,991,0,0,0,16
0.051,67.75893579678595,2022-09-25T05:20:35,776,16,18,18,18
0.0014,1.860049217950987,2022-09-25T05:20:35,667,6,9,17,14
0.018,23.91491851651269,2022-09-25T05:20:35,476,0,0,17,16
0.05,66.43032921253526,2022-09-25T05:20:35,776,16,21,8,25
0.0038,5.048705020152679,2022-09-25T05:20:47,837,18,4,7,5
0.002,2.65721316850141,2022-09-25T05:20:47,670,20,23,16,5
1.25,1650.7463029865553,2022-09-25T03:10:59,124,15,17,18,2
0.015,19.92909876376057,2022-09-25T05:21:35,903,0,6,0,0
0.0015,1.992909876376057,2022-09-25T05:21:35,57,8,7,17,10
0.0074,9.831688723455215,2022-09-25T05:21:35,269,23,17,19,23
0.0188,24.97780378391325,2022-09-25T05:21:35,398,2,7,17,18
0.0018999999999999,2.5243525100763367,2022-09-25T05:21:47,437,18,18,18,3
0.0018999999999999,2.5243525100763367,2022-09-25T05:21:47,34,15,17,18,22
0.05,66.59021497481133,2022-09-25T04:49:59,405,15,0,0,16
0.0584,77.59062452024118,2022-09-25T05:22:23,411,17,4,1,26
0.0398,52.87854205317806,2022-09-25T05:22:59,81,1,12,14,16
0.06,79.7163950550423,2022-09-25T05:22:59,553,15,19,1,19
0.0045,5.978729629128172,2022-09-25T05:22:59,41,0,0,10,16
0.014,18.60049217950987,2022-09-25T05:23:11,1047,14,17,18,21
0.00466,6.191306682608285,2022-09-25T05:23:35,147,15,19,18,19
0.015,19.92909876376057,2022-09-25T05:23:59,205,16,27,19,1
0.002,2.65721316850141,2022-09-25T05:24:23,670,23,11,12,1
0.0018999999999999,2.5243525100763367,2022-09-25T05:24:23,34,20,22,18,1
0.0043,5.713008312278031,2022-09-25T05:24:23,468,21,0,4,0
0.0051,6.775893579678596,2022-09-25T05:24:23,462,14,18,11,23
0.18,239.1491851651269,2022-09-25T05:24:47,973,1,0,0,0
0.13,172.52388708502926,2022-09-25T04:12:11,843,0,0,0,16
0.0077,10.230270698730427,2022-09-25T05:26:35,1039,18,21,9,3
0.0138,18.23876376128943,2022-09-25T02:40:11,254,16,15,11,16
0.06,79.7163950550423,2022-09-25T05:27:35,930,23,24,9,17
0.0,0.0,2022-09-25T05:27:47,549,15,0,16,24
0.04,53.1442633700282,2022-09-25T05:27:47,268,17,25,16,16
0.039999,53.14293476344395,2022-09-25T05:27:47,208,1,14,14,16
0.002,2.65721316850141,2022-09-25T05:27:47,523,17,21,18,20
0.002,2.65721316850141,2022-09-25T05:27:47,670,15,26,11,2
0.002,2.65721316850141,2022-09-25T05:27:47,670,18,17,9,26
0.002,2.65721316850141,2022-09-25T05:27:47,670,14,21,1,2
0.075,99.19068642676908,2022-09-25T02:25:11,612,15,21,12,17
0.002,2.65721316850141,2022-09-25T05:27:47,670,16,24,18,3
0.00099,1.315320518408198,2022-09-25T05:28:35,364,15,12,0,17
0.002,2.65721316850141,2022-09-25T05:28:47,284,15,20,20,26
0.002,2.65721316850141,2022-09-25T05:28:47,284,23,2,5,26
0.004,5.31442633700282,2022-09-25T05:29:35,739,15,16,18,6
0.0988,131.26633052396966,2022-09-25T05:30:35,558,0,0,12,16
0.041,54.472869954278906,2022-09-25T05:30:59,510,1,14,4,16
0.0038,5.048705020152679,2022-09-25T05:30:59,468,15,6,11,18
0.06,79.7163950550423,2022-09-25T05:31:23,1016,21,5,10,16
0.01,13.28606584250705,2022-09-25T05:31:47,859,16,23,19,20
0.0025,3.3215164606267624,2022-09-25T05:33:11,437,18,19,18,22
0.0119,15.81041835258339,2022-09-25T05:33:11,818,18,20,20,25
0.02,26.5721316850141,2022-09-25T05:33:35,220,16,0,0,0
0.0169,22.453451273836915,2022-09-25T05:33:59,155,17,24,18,3
0.0,0.0,2022-09-25T05:34:23,36,20,8,8,18
3.33,4424.259925554848,2022-09-25T05:34:47,195,0,0,10,7
0.075,99.64549381880288,2022-09-25T05:34:47,1044,20,4,10,21
0.0023,3.055795143776621,2022-09-25T05:34:59,824,15,17,1,23
0.0023,3.055795143776621,2022-09-25T05:34:59,20,18,17,9,17
0.002,2.65721316850141,2022-09-25T05:34:59,284,15,8,20,23
0.0023,3.055795143776621,2022-09-25T05:34:59,824,17,18,2,3
0.00215,2.856504156139016,2022-09-25T05:34:59,755,14,22,18,2
0.0024,3.188655802201692,2022-09-25T05:34:59,755,17,25,7,14
0.00225,2.989364814564086,2022-09-25T05:34:59,755,15,18,7,4
0.0024,3.188655802201692,2022-09-25T05:34:59,342,18,4,19,20
0.0549,72.9405014753637,2022-09-25T05:35:35,791,19,1,10,14
0.009,11.957459258256344,2022-09-25T05:35:35,66,0,6,13,21
0.0,0.0,2022-09-25T05:35:59,187,6,0,0,16
0.0025,3.3215164606267624,2022-09-25T05:36:47,437,17,20,11,10
0.256,340.1232855681805,2022-09-25T05:36:59,426,23,26,10,17
0.002,2.65721316850141,2022-09-25T05:37:11,91,23,21,13,17
0.1097,144.8694955501001,2022-09-25T04:03:59,470,21,6,16,16
0.0,0.0,2022-09-25T05:37:47,958,20,0,0,25
0.002,2.65721316850141,2022-09-25T05:38:23,474,14,18,5,20
0.0022,2.922934485351551,2022-09-25T05:38:23,501,0,0,21,16
0.005,6.643032921253525,2022-09-25T05:39:11,374,23,0,0,16
0.575,763.9487859441554,2022-09-25T05:39:11,64,0,0,0,0
0.0032,4.246741835939181,2022-09-25T05:01:35,229,0,0,21,16
0.04,53.1442633700282,2022-09-25T05:39:59,640,1,14,4,16
0.8,1062.885267400564,2022-09-25T05:39:59,969,0,0,0,0
0.0169,22.453451273836915,2022-09-25T05:39:59,443,14,25,16,1
0.001,1.328606584250705,2022-09-25T05:40:47,73,23,6,0,5
0.0645,85.90137731750661,2022-09-25T04:19:59,689,16,13,0,14
0.0018,2.391491851651269,2022-09-25T05:40:47,142,19,6,10,22
0.0,0.0,2022-09-25T05:40:59,246,18,18,6,9
0.065,86.35942797629582,2022-09-25T05:41:59,511,16,20,1,21
0.015,19.92909876376057,2022-09-25T05:41:59,575,16,20,11,21
0.0025,3.3215164606267624,2022-09-25T05:41:59,199,19,6,0,14
0.037,49.158443617276085,2022-09-25T05:42:23,807,16,6,0,16
0.0129,17.119678026129826,2022-09-25T04:26:47,922,16,0,17,0
0.11,146.14672426757755,2022-09-25T05:42:59,724,6,0,10,0
0.042,55.80147653852961,2022-09-25T05:42:59,673,14,3,12,16
0.0025,3.3215164606267624,2022-09-25T05:43:11,921,20,8,19,5
0.062,82.37360822354371,2022-09-25T05:43:11,575,15,23,1,23
0.041,54.472869954278906,2022-09-25T05:43:47,510,19,3,4,16
0.0418,55.535755221679466,2022-09-25T05:43:47,516,1,14,13,16
0.0018,2.391491851651269,2022-09-25T05:43:47,647,3,11,17,10
0.002,2.65721316850141,2022-09-25T05:43:59,474,17,19,19,3
0.002,2.65721316850141,2022-09-25T05:43:59,474,23,27,13,17
0.099,131.5320518408198,2022-09-25T05:44:11,637,16,15,17,0
0.00435,5.779438641490567,2022-09-25T05:44:23,414,16,0,4,8
0.0425,56.46577983065496,2022-09-25T05:44:47,269,11,9,1,16
0.024,31.88655802201692,2022-09-25T05:45:11,722,0,0,17,5
0.0139,18.4676315210848,2022-09-25T05:45:35,1035,22,6,16,16
0.01285,17.07259460762156,2022-09-25T05:45:35,210,22,0,10,16
0.145,192.64795471635225,2022-09-25T05:46:11,537,15,19,19,24
0.0425,56.46577983065496,2022-09-25T05:46:23,269,1,22,13,16
0.145,192.64795471635225,2022-09-25T05:46:35,537,23,2,19,24
0.0419,55.66861588010454,2022-09-25T05:47:11,269,11,3,14,16
0.0649,86.22656731787076,2022-09-25T05:47:23,383,18,16,16,5
0.0006,0.797163950550423,2022-09-25T05:47:47,473,15,0,12,17
0.0006,0.797163950550423,2022-09-25T05:48:23,473,23,0,0,27
0.0219,28.94412509943757,2022-09-25T02:52:59,177,15,0,10,23
0.0107,14.216090451482543,2022-09-25T05:48:47,630,23,18,18,20
0.0059,7.838778847079159,2022-09-25T05:48:47,332,0,15,0,16
0.0,0.0,2022-09-25T05:49:23,641,21,10,16,0
0.088,116.91737941406204,2022-09-25T05:49:23,534,15,16,5,5
0.00245,3.2550861314142274,2022-09-25T05:49:35,755,18,17,5,2
0.0214,28.28330032547781,2022-09-25T02:57:59,177,13,11,0,12
0.341,452.8120158186264,2022-09-25T05:21:11,732,23,16,19,17
0.0058,7.705918188654089,2022-09-25T05:51:11,877,6,15,0,16
0.0109,14.481811768332683,2022-09-25T05:51:47,944,0,0,0,16
0.0153,20.327680739035788,2022-09-25T05:52:11,443,15,18,20,17
0.019,25.2435251007634,2022-09-25T05:52:11,1022,2,0,17,10
0.0012689,1.6858688947557197,2022-09-25T05:54:11,192,15,6,0,25
2.80004999999,3697.7377485287975,2022-09-25T03:17:59,908,20,25,7,11
0.0,0.0,2022-09-25T05:54:59,570,18,0,1,26
0.004,5.31442633700282,2022-09-25T05:54:59,159,17,23,19,13
0.0038,5.048705020152679,2022-09-25T05:55:23,296,23,12,15,16
0.0037,4.915844361727609,2022-09-25T05:55:23,28,0,6,0,16
0.006,7.914947045154534,2022-09-25T02:03:23,202,0,6,12,16
0.02,26.5721316850141,2022-09-25T05:55:47,990,15,25,9,23
0.0425,56.46577983065496,2022-09-25T05:56:47,514,18,9,4,16
0.001333,1.77103257680619,2022-09-25T05:57:59,785,4,11,17,14
0.0021,2.7900738269264806,2022-09-25T05:58:11,472,16,6,10,0
0.0,0.0,2022-09-25T05:59:11,482,15,18,1,25
0.0,0.0,2022-09-25T06:00:11,490,18,0,10,12
0.002,2.65721316850141,2022-09-25T06:01:23,107,0,9,0,17
0.0045,5.978729629128172,2022-09-25T06:01:23,902,17,0,4,12
0.0542,71.58523503770763,2022-09-25T01:54:59,548,0,6,9,18
0.0676,89.4038720326612,2022-09-25T02:10:23,548,17,6,9,6
0.0371,49.26488500548693,2022-09-25T05:15:59,444,17,0,10,22
0.067,89.01664114479723,2022-09-25T06:01:47,388,16,25,6,23
0.001799,2.3901632450670185,2022-09-25T06:02:23,805,5,5,17,9
0.05,66.17546388677493,2022-09-25T06:02:47,530,0,0,20,8
0.0015,1.985263916603248,2022-09-25T06:02:47,484,16,0,15,25
0.00139,1.8396778960523432,2022-09-25T06:02:47,87,0,6,22,17
0.0015,1.985263916603248,2022-09-25T06:02:47,484,0,6,0,18
0.099,131.02741849581437,2022-09-25T06:04:11,146,12,25,16,23
1.24,1641.1515043920183,2022-09-25T06:04:23,1028,4,6,16,18
0.0219,29.166514158967363,2022-09-25T04:39:11,312,15,7,10,16
0.0044,5.845868970703102,2022-09-25T05:10:59,323,0,0,0,5
0.0,0.0,2022-09-25T06:05:35,259,21,6,5,27
0.099,131.02741849581437,2022-09-25T06:05:47,519,15,6,10,8
0.0125,16.543865971693734,2022-09-25T06:06:35,333,1,10,0,16
0.0,0.0,2022-09-25T06:06:59,456,16,17,1,24
0.19,251.46676276974475,2022-09-25T06:08:23,898,0,0,0,0
0.055,72.79301027545243,2022-09-25T06:08:23,11,18,19,8,10
0.00078,1.032337236633689,2022-09-25T06:08:23,489,19,0,0,0
0.099,131.02741849581437,2022-09-25T06:08:59,955,0,9,0,8
0.002,2.6470185554709973,2022-09-25T06:09:59,750,17,13,11,11
0.07,92.6456494414849,2022-09-25T06:10:23,394,16,17,1,5
0.05,66.17546388677493,2022-09-25T06:10:35,14,15,18,10,0
0.042,55.58738966489094,2022-09-25T06:11:47,510,18,25,1,16
0.0218,28.852502254633876,2022-09-25T06:12:47,430,15,7,0,16
0.03,39.70527833206496,2022-09-25T06:12:47,925,15,0,9,16
0.019,25.146676276974475,2022-09-25T06:12:47,1051,16,0,16,16
0.0007,0.9264564944148492,2022-09-25T06:12:59,869,13,0,0,16
0.03,39.70527833206496,2022-09-25T06:13:59,702,20,23,13,19
0.005,6.617546388677494,2022-09-25T06:14:35,147,15,25,12,18
0.009,11.91158349961949,2022-09-25T06:14:59,55,15,27,0,24
0.068,89.99863088601391,2022-09-25T06:15:59,71,16,7,0,16
0.0018,2.382316699923898,2022-09-25T06:15:59,789,18,19,19,26
0.003,3.981320471192983,2022-09-25T04:52:59,942,0,0,0,16
0.1,132.35092777354987,2022-09-25T06:16:11,967,15,26,16,17
0.01,13.235092777354987,2022-09-25T06:16:11,137,0,0,0,16
0.0245,32.42597730451972,2022-09-25T06:16:23,517,3,19,0,23
0.0245,32.42597730451972,2022-09-25T06:16:23,517,4,24,10,18
0.0245,32.42597730451972,2022-09-25T06:16:23,517,12,6,10,9
0.0245,32.42597730451972,2022-09-25T06:16:23,517,3,6,0,12
0.0245,32.42597730451972,2022-09-25T06:16:23,292,12,0,9,9
0.075,99.2631958301624,2022-09-25T06:16:59,526,0,0,0,18
0.043,56.910898942626446,2022-09-25T06:17:35,492,0,0,16,0
0.0626,82.79115960420992,2022-09-25T02:07:11,533,0,0,0,0
1.65,2183.790308263573,2022-09-25T06:17:35,309,5,6,11,0
0.00199999,2.64700532037822,2022-09-25T06:18:35,835,18,24,18,20
0.0,0.0,2022-09-25T06:19:23,407,23,9,10,14
0.0,0.0,2022-09-25T06:19:35,280,18,6,16,23
1.27,1680.8567827240834,2022-09-25T06:19:47,93,15,0,0,17
0.03,39.70527833206496,2022-09-25T06:19:47,650,22,0,10,16
0.00099,1.3102741849581436,2022-09-25T06:19:47,86,10,15,10,12
0.03,39.70527833206496,2022-09-25T06:19:47,216,22,0,10,16
0.032,42.35229688753596,2022-09-25T06:19:47,17,22,7,10,16
1.269999999999,1680.8567827227598,2022-09-25T06:19:47,171,22,0,10,7
0.068,89.99863088601391,2022-09-25T06:19:47,892,22,0,0,16
0.0051,6.749897316451043,2022-09-25T06:19:47,462,18,18,0,21
0.00075,0.992631958301624,2022-09-25T06:20:47,480,20,0,10,16
0.9,1191.158349961949,2022-09-25T06:20:47,287,20,7,0,16
0.065,86.02810305280741,2022-09-25T06:20:59,154,18,11,18,21
0.0838,110.9100774742348,2022-09-25T06:21:35,516,17,14,13,16
0.0187,24.668251624064965,2022-09-25T01:51:23,751,8,1,17,6
0.049,64.84041445369077,2022-09-25T06:17:11,405,5,5,0,16
